ID,agestrat,COMscore,COM_SS
101001,108,31,99
101002,78,30,107
101003,32,21,103
101004,204,34,100
101005,156,34,110
101006,156,34,110
101007,36,26,129
101008,48,25,106
101009,84,31,109
101010,120,32,101
101011,156,34,110
101012,156,34,110
101013,36,20,92
101014,84,28,93
101015,60,28,113
101017,32,21,103
101018,78,29,100
101019,48,29,135
101020,120,32,101
101021,96,30,98
101022,156,34,110
101023,72,32,129
101024,72,25,87
101025,54,24,95
101026,156,34,110
101027,48,29,135
101028,12,12,117
101029,60,31,135
101030,96,32,111
101031,60,27,105
101032,96,34,128
101033,32,21,103
101034,60,27,105
101035,120,32,101
101036,48,21,87
101037,60,31,135
101038,84,32,117
101039,42,27,128
101040,24,18,100
101041,14,13,114
101042,28,21,111
101043,60,31,135
101044,2,1,97
101045,78,30,107
101046,24,20,113
101047,72,30,114
101048,28,26,145
101049,32,18,89
101050,60,27,105
101051,28,21,111
102001,72,30,114
102002,24,19,107
102003,22,19,116
102004,0,1,102
102005,16,18,136
102006,32,18,89
102007,14,9,91
102008,0,1,102
102009,72,24,83
102010,96,26,81
102011,96,31,103
102012,204,34,100
102013,204,34,100
102014,204,34,100
102015,156,34,110
102016,204,34,100
102017,156,34,110
102018,132,34,114
102019,204,34,100
102020,156,34,110
102021,156,34,110
102022,156,34,110
102023,16,10,89
102024,156,34,110
102025,204,34,100
102026,156,34,110
102027,156,34,110
102028,204,34,100
102029,28,19,99
102030,204,34,100
102031,204,34,100
102032,156,34,110
102033,0,1,102
102034,156,34,110
102035,156,34,110
102036,12,10,105
102037,24,18,100
102038,204,34,100
102039,204,34,100
102040,156,34,110
104001,156,32,97
104002,132,34,114
104003,54,27,113
104004,72,32,129
104005,60,26,99
104006,66,28,106
104007,36,24,115
104011,4,4,107
104012,2,3,111
104014,78,30,107
104015,36,26,129
104016,28,19,99
104017,84,29,97
104018,36,23,108
104019,6,3,92
104020,120,34,118
104021,14,15,126
104022,16,11,94
104023,96,32,111
104024,60,26,99
104025,60,28,113
104026,156,30,87
104027,204,34,100
104028,48,26,113
104029,16,10,89
104030,66,26,95
104031,6,3,92
104040,54,28,120
104041,204,34,100
104043,156,34,110
104052,24,14,82
104053,24,13,77
105001,36,11,53
105002,48,19,78
105006,54,17,66
105008,36,17,79
105010,54,6,40
105012,48,16,66
105013,42,14,62
105014,42,10,45
105020,48,20,83
105022,156,26,71
105027,204,24,64
105030,204,29,79
105033,66,26,95
105034,72,26,91
105035,72,22,76
105042,42,7,40
105043,66,21,75
107001,204,33,99
107002,204,34,100
107003,156,32,97
107004,132,34,114
107005,156,31,93
107006,132,34,114
107007,156,34,110
107008,78,24,80
107009,204,34,100
107010,156,32,97
107011,204,34,100
107012,204,34,100
107013,204,34,100
107014,156,34,110
107015,204,34,100
107016,132,34,114
107017,156,33,101
107018,156,34,110
107019,120,34,118
107020,108,34,123
107021,72,30,114
107022,156,34,110
107023,156,32,97
107024,156,33,101
107025,156,32,97
107026,132,34,114
107027,132,32,98
107028,156,32,97
107029,156,29,80
107030,132,34,114
107031,156,32,97
107032,132,33,105
107033,156,34,110
107034,24,27,160
107035,32,16,80
107036,72,34,145
107037,60,27,105
107038,132,33,105
107039,84,33,125
107040,132,34,114
107041,132,32,98
107042,132,31,95
107044,156,33,101
107045,156,33,101
107046,54,23,91
107047,156,33,101
107048,60,29,120
107049,42,28,135
107050,20,19,125
107051,24,22,127
107052,78,30,107
107053,204,34,100
107054,84,32,117
107055,108,30,95
107056,156,31,93
107057,156,34,110
107058,156,33,101
107059,204,34,100
107060,204,34,100
108001,132,32,98
108002,156,34,110
108003,84,32,117
108004,32,18,89
108005,16,13,105
108006,16,9,84
108007,78,31,115
108008,120,34,118
108009,60,31,135
108010,60,31,135
108012,156,34,110
108013,96,30,98
108014,108,32,106
108015,54,26,105
108016,72,28,99
108017,28,15,81
108018,14,7,81
108019,204,34,100
108020,96,30,98
108021,16,10,89
108022,24,13,77
108023,156,34,110
108024,24,14,82
108025,60,23,87
108026,28,17,90
108027,132,29,83
108028,120,32,101
108029,28,20,105
108031,60,17,62
108033,48,26,113
108034,20,13,90
108037,78,29,100
108038,48,23,95
108039,96,32,111
108041,108,34,123
108042,156,34,110
108043,96,32,111
108044,156,34,110
108045,132,34,114
109001,204,34,100
109002,96,30,98
109003,78,30,107
109004,108,31,99
109005,60,26,99
109006,28,19,99
109007,72,27,95
109008,42,20,87
109009,36,25,122
109011,156,34,110
109012,120,34,118
109013,16,12,99
109014,48,19,78
109015,120,31,97
109016,108,31,99
109017,156,33,101
109018,42,25,114
109019,78,28,96
109020,78,26,88
109021,96,33,120
109022,32,22,110
109023,120,34,118
109024,204,34,100
109026,66,27,99
109027,132,34,114
109028,4,7,124
109029,132,32,98
109031,156,28,76
109032,14,12,108
109033,72,34,145
109034,132,34,114
109035,42,29,142
109036,204,34,100
109037,120,31,97
109038,48,21,87
109039,204,34,100
109040,204,34,100
109041,156,34,110
109042,120,34,118
109043,84,34,133
109044,156,34,110
109045,156,31,93
109046,84,24,78
109047,2,0,88
109048,132,27,76
109049,120,26,75
109050,108,30,95
109051,84,29,97
109052,108,33,114
109053,18,11,87
109054,42,25,114
109055,66,31,128
109056,156,34,110
109057,156,34,110
109058,204,34,100
109059,14,10,96
109060,48,24,99
109061,96,34,128
109062,156,34,110
109063,36,22,101
109064,72,27,95
109065,96,31,103
109066,48,24,99
109067,10,10,114
109068,108,31,99
109069,78,30,107
109070,156,34,110
109071,204,34,100
109072,204,34,100
109073,132,33,105
109075,156,34,110
109076,204,34,100
109077,156,34,110
109078,32,25,130
109079,108,32,106
109080,54,29,128
109081,36,25,122
109082,4,2,96
109083,156,34,110
109084,108,29,89
109085,84,32,117
109086,78,29,100
109087,32,19,93
109088,96,29,94
109089,84,30,101
109090,48,29,135
109091,66,29,113
109094,120,34,118
109095,108,30,95
109096,48,25,106
109097,72,31,122
109098,6,5,103
109102,156,31,93
110001,16,15,117
110002,12,10,105
110003,6,5,103
110004,96,31,103
110005,132,34,114
110006,84,30,101
110007,72,32,129
110008,78,28,96
110009,14,16,132
110010,12,9,99
111001,84,31,109
111002,42,26,121
111003,120,32,101
111004,36,23,108
111005,2,3,111
111006,78,30,107
111007,132,32,98
111008,14,13,114
111009,60,29,120
111010,42,27,128
111011,108,33,114
111012,36,26,129
111013,10,4,81
111014,120,33,110
111015,156,34,110
111016,204,34,100
111017,14,11,102
111018,156,34,110
111019,42,23,100
111020,42,20,87
111021,108,30,95
111022,36,22,101
111023,24,12,73
111024,42,25,114
111025,132,34,114
111026,156,34,110
111027,16,15,117
111028,48,28,128
111029,60,22,83
111030,48,25,106
111031,18,19,133
111032,60,28,113
111033,156,32,97
111034,132,32,98
111035,120,33,110
111036,132,33,105
111037,20,16,105
111038,54,28,120
111039,4,3,101
111040,204,34,100
111041,156,34,110
111042,132,32,98
111043,120,32,101
111044,72,28,99
111045,20,16,105
111046,4,1,90
111047,28,18,94
111048,10,5,86
111049,48,28,128
111050,16,12,99
111051,22,16,97
111052,60,27,105
111053,8,7,106
111054,32,21,103
111055,32,24,123
112001,32,26,137
112002,72,23,80
112003,84,24,78
112004,36,19,88
112005,204,34,100
112006,78,28,96
112007,66,27,99
112008,28,25,138
112009,36,23,108
112010,24,12,73
112011,24,25,147
112012,48,27,120
112013,132,33,105
112014,204,34,100
112015,204,33,99
112016,204,34,100
112017,96,25,78
112018,84,26,85
112019,204,34,100
112020,84,22,70
112021,36,24,115
112022,48,29,135
112023,54,29,128
112024,36,29,150
112025,32,22,110
112026,32,12,62
112027,156,34,110
112028,204,34,100
112029,156,34,110
112030,132,30,89
112031,66,26,95
112032,72,26,91
112033,84,24,78
112034,78,21,69
112035,120,27,78
112036,96,29,94
112037,204,34,100
112038,78,23,77
112039,156,34,110
112040,96,24,73
112041,120,27,78
112042,84,23,74
112043,156,34,110
112044,108,25,74
112045,108,27,81
112046,108,30,95
112047,96,28,90
112048,204,34,100
112049,204,34,100
112050,84,24,78
112051,84,22,70
112052,84,25,81
112053,132,32,98
112054,204,34,100
112055,156,34,110
112056,120,31,97
112057,204,34,100
112058,204,34,100
112059,204,34,100
112060,204,34,100
112061,204,34,100
112062,156,34,110
112063,204,34,100
112064,204,34,100
112065,204,34,100
112066,204,34,100
112067,132,34,114
112068,96,26,81
112069,132,31,95
112070,84,24,78
112071,120,26,75
112072,156,34,110
112073,204,34,100
112074,204,34,100
112075,156,34,110
113001,204,29,79
113002,156,33,101
113003,204,34,100
113004,108,34,123
113005,84,31,109
113006,60,24,91
113007,66,31,128
113008,96,31,103
113009,78,29,100
113010,48,25,106
113012,22,17,103
113013,108,24,70
113014,72,28,99
114001,54,24,95
114002,72,29,106
114003,132,32,98
114004,54,27,113
114005,4,2,96
114006,60,30,128
114007,54,28,120
114008,54,23,91
114009,54,28,120
114010,54,28,120
114011,2,2,105
114012,54,29,128
114013,28,25,138
114014,54,31,142
114015,54,28,120
114016,78,28,96
114017,78,30,107
114018,54,29,128
114020,24,21,120
114022,60,27,105
114023,84,32,117
115001,48,22,91
115002,84,30,101
115003,132,34,114
115004,156,34,110
115005,156,32,97
115006,32,20,97
115007,60,27,105
115008,132,31,95
115009,84,30,101
115010,4,3,101
115011,24,21,120
115012,156,34,110
115013,156,34,110
115014,204,34,100
115015,48,23,95
115029,60,30,128
115030,108,31,99
115031,36,24,115
115032,120,31,97
115033,60,31,135
115034,84,31,109
115035,108,29,89
115036,120,31,97
115037,42,18,79
115038,156,34,110
115039,156,34,110
115040,12,10,105
115041,156,34,110
115042,156,34,110
115043,78,29,100
115044,120,32,101
115045,156,32,97
115046,24,18,100
115047,42,25,114
115048,84,31,109
115049,108,31,99
115050,120,28,82
115116,14,9,91
115117,32,16,80
115118,42,23,100
115119,28,20,105
115120,54,28,120
115121,72,28,99
115122,108,33,114
115123,132,32,98
115124,156,33,101
115125,204,33,99
115126,60,31,135
115127,96,34,128
115128,120,34,118
116001,24,20,113
116002,36,20,92
116003,36,20,92
116004,36,21,96
116005,22,14,88
116006,32,22,110
116007,14,15,126
116008,42,21,91
116009,14,9,91
116010,28,18,94
116011,132,33,105
116012,12,11,111
116013,10,12,126
116014,28,18,94
116015,132,33,105
116016,132,34,114
116017,42,22,96
116018,12,10,105
116019,20,10,75
116020,32,24,123
116021,132,34,114
116022,132,34,114
116023,156,34,110
116024,108,31,99
116025,66,29,113
116026,32,12,62
116027,28,19,99
116028,6,0,76
116029,156,34,110
116030,204,34,100
116031,12,8,94
116032,156,34,110
116033,12,9,99
116034,156,34,110
116035,156,34,110
116036,66,28,106
116037,132,34,114
116038,8,4,89
116040,132,34,114
116041,108,31,99
116042,132,34,114
116043,72,22,76
116044,132,34,114
116045,132,34,114
116046,120,31,97
116047,204,34,100
116048,132,33,105
116049,28,20,105
116050,32,21,103
116051,132,34,114
116052,204,34,100
116053,204,34,100
116054,132,34,114
116055,28,20,105
116056,32,20,97
116057,132,34,114
116058,120,34,118
116059,132,34,114
116060,132,34,114
116061,120,33,110
116062,24,20,113
116063,24,18,100
116064,204,34,100
116065,204,34,100
116069,132,34,114
116071,132,34,114
116072,132,34,114
116073,32,20,97
116074,204,34,100
116075,204,34,100
116076,204,34,100
116077,132,34,114
116078,132,34,114
116079,28,19,99
116080,32,19,93
117001,32,16,80
117002,66,30,121
117003,120,32,101
117004,24,23,133
117005,120,34,118
117006,66,29,113
117007,132,32,98
117008,10,7,97
117009,42,28,135
117010,10,8,102
117011,6,5,103
117012,36,19,88
117013,24,16,91
117014,54,26,105
117015,28,20,105
117016,24,19,107
117017,4,1,90
117018,4,4,107
117019,4,1,90
117020,6,8,121
117021,10,10,114
117022,54,28,120
117023,54,28,120
117024,48,24,99
117025,4,3,101
117026,22,17,103
117027,4,2,96
117028,28,23,125
117029,48,26,113
117030,36,26,129
117031,14,12,108
117032,132,34,114
117033,4,3,101
117034,132,30,89
117035,108,30,95
117036,78,27,92
117037,66,25,91
117038,108,32,106
117040,8,7,106
117041,84,29,97
117042,36,23,108
117043,66,27,99
117044,8,8,112
117045,32,27,144
117046,0,0,95
117047,0,0,95
117048,96,30,98
117049,78,29,100
117050,132,31,95
117053,8,9,118
117054,84,28,93
117055,36,24,115
117056,18,14,102
117059,22,14,88
117060,8,5,95
117061,72,29,106
117062,42,26,121
117063,10,9,108
117064,60,27,105
117065,36,21,96
118001,66,28,106
118002,32,21,103
118003,156,34,110
118004,132,33,105
118005,2,2,105
118006,48,23,95
118007,156,34,110
118008,132,34,114
118009,42,19,83
118010,120,32,101
118011,78,30,107
118012,66,30,121
118015,2,2,105
118016,96,31,103
118017,66,30,121
118018,36,22,101
118019,2,1,97
119001,36,27,136
119002,132,32,98
119003,132,32,98
119004,108,32,106
119005,18,14,102
119006,12,9,99
119007,96,32,111
119008,36,26,129
119009,78,30,107
119010,10,11,120
119011,84,31,109
119012,108,32,106
119013,132,32,98
119014,96,32,111
119015,78,31,115
119016,84,30,101
119017,132,32,98
119018,96,31,103
119019,84,27,89
119020,60,26,99
119021,96,33,120
119022,2,3,111
119023,2,3,111
120009,156,34,110
120010,204,34,100
120011,36,22,101
120012,54,27,113
120013,12,6,84
120014,16,14,111
120015,42,24,107
120016,28,21,111
120017,48,27,120
120018,60,28,113
120020,84,31,109
120021,132,34,114
120022,20,9,71
120023,78,29,100
120024,108,28,84
120025,132,28,80
120026,18,13,96
120027,72,28,99
120028,108,31,99
120029,42,23,100
120030,72,27,95
120031,60,24,91
120032,66,29,113
120037,10,9,108
120038,72,30,114
120041,0,2,109
120042,48,25,106
120043,108,32,106
120044,96,30,98
120045,132,32,98
120046,96,32,111
120047,132,34,114
120048,28,25,138
120049,54,26,105
120050,72,29,106
120051,108,32,106
120052,32,22,110
120053,60,26,99
120056,78,24,80
120057,78,27,92
120058,108,28,84
120059,66,29,113
120061,8,6,100
120062,42,27,128
120063,6,3,92
120064,48,24,99
120065,72,29,106
120066,132,34,114
120067,66,29,113
120069,8,5,95
120070,78,26,88
120071,120,32,101
120072,132,31,95
120073,108,33,114
121001,10,11,120
121002,156,34,110
121003,156,34,110
121005,18,15,108
121006,6,5,103
121007,36,23,108
121009,20,12,85
121010,24,16,91
121011,10,8,102
121012,22,16,97
121013,2,2,105
121014,20,12,85
121015,20,15,99
121016,42,27,128
121017,12,12,117
121018,78,33,131
121019,132,34,114
121020,36,22,101
121022,14,11,102
121023,54,24,95
122001,36,24,115
122002,60,30,128
122003,20,18,118
122004,0,1,102
122005,60,29,120
122006,84,30,101
122007,120,30,93
122008,20,13,90
122010,96,30,98
122011,20,18,118
122012,48,24,99
122013,2,1,97
122015,78,25,84
122016,60,28,113
122017,24,16,91
123001,204,34,100
123002,84,29,97
123003,156,34,110
123004,204,34,100
123005,156,33,101
123006,54,31,142
123007,54,26,105
123008,132,34,114
123009,84,27,89
123010,96,34,128
123011,204,34,100
123012,156,34,110
123013,156,34,110
123014,120,32,101
123015,78,23,77
123016,204,34,100
123017,156,34,110
123018,156,34,110
123019,132,30,89
123020,156,34,110
123021,36,23,108
123022,156,34,110
123023,120,34,118
123024,156,34,110
123025,156,34,110
123026,132,34,114
123027,66,26,95
123028,156,34,110
123029,132,31,95
123030,204,34,100
123031,156,34,110
123032,120,32,101
123033,42,22,96
123034,42,22,96
123035,132,33,105
123036,156,34,110
123037,132,32,98
123038,132,32,98
123039,96,31,103
123040,36,22,101
123041,132,32,98
123042,72,26,91
123043,132,32,98
123044,204,34,100
123045,204,34,100
123046,66,26,95
123047,132,34,114
123048,72,26,91
123049,120,32,101
123050,132,32,98
123051,132,34,114
123052,66,26,95
123053,78,26,88
123054,132,32,98
123055,132,32,98
123056,120,32,101
123057,72,28,99
123058,132,34,114
123059,132,32,98
123060,132,34,114
123061,120,32,101
123062,132,32,98
123063,42,22,96
123064,132,34,114
123065,108,31,99
123066,204,34,100
123067,132,34,114
123068,108,32,106
123069,120,32,101
123070,132,34,114
123071,36,22,101
123072,36,22,101
123073,42,23,100
123074,132,32,98
123075,132,32,98
123076,108,32,106
123077,132,34,114
123078,120,32,101
123079,54,25,99
123080,96,31,103
125001,108,31,99
125002,48,25,106
125003,48,25,106
125004,54,24,95
125005,60,26,99
125006,54,29,128
125007,60,29,120
125008,60,28,113
125009,54,28,120
125010,60,29,120
125011,66,30,121
125012,60,24,91
125013,60,27,105
125014,60,26,99
125015,54,26,105
125016,66,29,113
125017,72,29,106
125018,54,30,135
125019,60,26,99
125020,84,29,97
125021,60,27,105
125022,60,25,95
125023,60,24,91
125024,60,31,135
125025,0,1,102
125026,28,18,94
125027,14,10,96
125028,72,30,114
125029,10,8,102
125030,18,12,92
125031,60,28,113
125032,78,30,107
125033,60,27,105
125034,72,29,106
125035,20,16,105
125036,14,10,96
125037,72,31,122
125038,22,17,103
125039,2,3,111
125040,32,23,117
125041,14,10,96
125043,10,6,92
125044,10,6,92
125045,28,16,85
125046,60,24,91
125047,60,30,128
125048,60,27,105
125049,14,13,114
125053,8,4,89
125055,24,18,100
125057,14,8,86
125058,4,3,101
125059,28,23,125
125060,28,25,138
125061,4,4,107
125062,2,1,97
126001,66,29,113
126002,132,33,105
126003,108,32,106
126004,84,32,117
126005,60,25,95
126006,108,31,99
126007,96,28,90
126008,54,24,95
126009,54,27,113
126010,72,29,106
126011,66,28,106
126012,72,31,122
126013,60,27,105
126014,66,29,113
126015,132,34,114
126016,54,28,120
126017,132,33,105
126018,72,28,99
126019,108,33,114
126020,24,17,96
127001,18,14,102
127002,132,34,114
127003,2,4,117
127004,78,30,107
127005,6,7,115
127006,36,26,129
127007,54,28,120
127008,14,15,126
127009,16,14,111
127010,12,8,94
127011,66,25,91
127012,20,13,90
127013,12,10,105
127014,42,26,121
127015,48,27,120
127016,66,29,113
127017,42,25,114
127018,4,3,101
127019,24,18,100
127020,32,24,123
127021,22,17,103
127022,84,31,109
127023,120,32,101
127024,54,27,113
127025,20,17,112
127026,6,1,82
127027,24,13,77
127028,42,25,114
127029,66,29,113
127030,10,7,97
127031,48,29,135
127032,42,26,121
127033,78,32,123
127034,132,34,114
127035,84,30,101
127036,10,10,114
127037,10,12,126
127038,24,17,96
127039,2,4,117
127040,14,14,120
127042,0,2,109
127141,6,3,92
128001,96,32,111
128002,132,32,98
128003,132,31,95
128004,96,32,111
128005,120,32,101
128006,132,34,114
128007,108,34,123
128008,72,31,122
128009,132,34,114
128010,108,32,106
128011,120,32,101
128013,54,29,128
128014,120,32,101
128019,84,34,133
128020,72,31,122
128021,78,30,107
128022,108,32,106
128023,132,33,105
128024,96,32,111
128025,120,31,97
129001,120,34,118
129002,84,30,101
129003,8,4,89
129004,36,22,101
129005,36,22,101
129006,84,30,101
129007,42,24,107
129008,36,23,108
129009,28,23,125
129010,54,25,99
129011,108,32,106
129012,84,30,101
129013,120,33,110
129014,36,23,108
129015,48,24,99
129016,78,29,100
129017,66,27,99
129018,24,19,107
129019,48,29,135
129020,16,11,94
129021,48,26,113
129022,78,28,96
129023,36,27,136
129024,36,24,115
129025,48,26,113
129026,22,21,129
129027,108,31,99
129028,36,20,92
129029,78,26,88
129030,132,34,114
130001,60,27,105
130002,96,30,98
130003,60,29,120
130004,60,25,95
130005,72,30,114
130006,72,31,122
130007,84,30,101
130008,72,31,122
130009,72,31,122
130010,72,27,95
130011,84,30,101
130012,84,30,101
130013,84,30,101
130014,84,30,101
130015,54,29,128
130016,84,31,109
130017,84,26,85
130018,96,32,111
130019,96,32,111
130020,96,31,103
130021,96,32,111
130022,108,31,99
130023,108,34,123
130024,108,33,114
130025,108,33,114
130026,120,34,118
130027,120,34,118
130028,132,34,114
130029,132,33,105
131001,2,1,97
131002,10,8,102
131003,0,1,102
131004,66,28,106
131005,54,22,87
131006,36,18,83
131007,10,6,92
131008,42,21,91
131009,36,25,122
131010,28,18,94
131011,4,4,107
131012,84,31,109
131013,12,13,123
131014,42,24,107
131015,84,30,101
131016,96,31,103
131017,78,28,96
131018,132,32,98
131019,108,28,84
131020,20,12,85
131021,20,15,99
131022,36,21,96
131023,14,11,102
131024,48,29,135
131025,16,14,111
131026,0,0,95
131027,10,10,114
131028,96,31,103
131029,66,30,121
131030,12,11,111
131031,10,11,120
131032,10,11,120
131033,204,34,100
131034,36,22,101
131035,2,2,105
131036,22,19,116
131037,0,1,102
131038,4,3,101
131040,96,31,103
131041,42,26,121
131042,48,27,120
131043,42,26,121
131044,10,10,114
131045,2,2,105
131046,108,32,106
131047,84,31,109
131048,14,15,126
131049,0,0,95
131050,4,1,90
131051,14,10,96
131052,14,11,102
131053,6,5,103
131054,4,0,81
131055,42,23,100
131056,96,32,111
131057,72,27,95
131058,42,27,128
131059,84,29,97
131060,12,10,105
132002,6,3,92
132003,120,31,97
132006,78,32,123
132007,48,27,120
132008,22,18,109
132010,108,34,123
132011,32,18,89
132012,10,9,108
132015,72,30,114
132016,132,34,114
132017,132,31,95
132018,96,32,111
132019,54,29,128
132021,84,33,125
132022,96,34,128
132023,54,28,120
132024,132,32,98
132025,108,32,106
132026,108,32,106
132027,48,26,113
132028,16,9,84
132029,108,34,123
132030,42,27,128
133001,78,29,100
133002,120,32,101
133003,84,31,109
133004,42,24,107
133005,66,30,121
133006,96,34,128
133007,132,34,114
133010,24,19,107
133011,120,28,82
133012,84,32,117
133013,54,25,99
133015,78,31,115
133016,48,27,120
133019,96,31,103
133020,96,32,111
133022,32,22,110
133023,8,4,89
133025,96,33,120
133026,72,30,114
133028,108,32,106
133029,96,32,111
133030,78,30,107
134001,132,33,105
134002,132,34,114
134003,96,33,120
134004,96,32,111
134005,96,27,86
134006,84,32,117
134007,72,28,99
134008,132,32,98
134009,132,32,98
134010,96,29,94
134011,96,29,94
134012,96,30,98
134013,96,31,103
134014,96,33,120
134016,72,29,106
134017,72,25,87
134018,72,30,114
134019,78,30,107
134020,132,34,114
134021,132,32,98
134022,66,30,121
134023,96,32,111
134024,96,30,98
134025,96,28,90
134026,84,31,109
134027,22,20,122
134028,22,9,65
134029,22,9,65
134030,20,14,94
134031,24,15,86
134032,12,12,117
134033,28,18,94
134034,96,32,111
134035,72,30,114
134036,24,20,113
134037,24,18,100
134039,108,34,123
134040,22,13,83
134041,32,18,89
134042,24,19,107
134043,14,11,102
134044,108,33,114
134046,32,18,89
134047,10,9,108
135001,96,32,111
135002,36,23,108
135003,120,32,101
135004,66,27,99
135005,14,13,114
135006,54,30,135
135007,54,30,135
135008,78,29,100
135009,66,29,113
135010,96,32,111
135012,72,25,87
135013,42,22,96
135014,6,5,103
135015,96,32,111
135016,204,34,100
135017,132,34,114
135018,204,34,100
135019,66,26,95
135020,132,31,95
135021,120,31,97
135022,10,5,86
135023,132,34,114
135024,120,32,101
135025,204,33,99
135026,84,30,101
135027,60,26,99
135028,32,22,110
135029,24,24,140
135030,4,3,101
136001,132,32,98
136002,6,4,98
136003,14,12,108
136004,132,33,105
136005,120,33,110
136006,60,29,120
136007,96,31,103
136008,8,5,95
136011,60,29,120
136012,2,1,97
136013,4,2,96
136014,12,12,117
136015,28,20,105
136016,28,20,105
136017,28,19,99
136019,24,14,82
136020,8,2,79
136021,6,4,98
136023,24,20,113
136024,6,3,92
136025,8,4,89
136030,16,14,111
137001,132,34,114
137002,108,34,123
137003,66,24,87
137004,36,20,92
137005,120,32,101
137006,84,33,125
137007,28,16,85
137008,48,25,106
137009,66,28,106
137010,36,24,115
137011,28,19,99
137012,54,26,105
137013,4,5,113
137014,12,13,123
137015,60,28,113
137016,0,0,95
137017,72,28,99
137018,48,24,99
137019,28,20,105
137020,96,31,103
137021,54,31,142
137022,16,11,94
137023,32,18,89
137024,4,4,107
137025,14,16,132
137026,66,31,128
137027,96,31,103
137028,72,29,106
137029,108,31,99
137030,78,31,115
137031,32,23,117
137032,84,30,101
137033,108,32,106
137034,48,29,135
137035,108,34,123
137036,66,30,121
137037,96,34,128
137038,72,31,122
137039,54,28,120
137040,72,29,106
137041,36,23,108
137042,10,13,132
137043,84,29,97
137044,18,15,108
137045,36,24,115
137046,18,16,114
137047,0,0,95
137051,66,28,106
137052,0,0,95
138001,132,34,114
138003,108,31,99
138004,84,31,109
138005,96,31,103
138006,204,34,100
138007,120,34,118
138008,78,29,100
138009,54,25,99
138010,132,34,114
138011,28,22,118
138012,132,32,98
138013,108,32,106
138014,2,3,111
138015,4,3,101
138016,120,31,97
138017,96,31,103
138018,12,8,94
138019,6,6,109
138020,12,7,89
138021,24,19,107
139001,8,6,100
139002,22,19,116
139003,48,29,135
139004,42,26,121
139005,18,13,96
139006,22,16,97
139007,16,12,99
139008,18,15,108
139009,48,24,99
139010,24,20,113
139011,6,2,87
139012,24,19,107
139013,42,25,114
139014,10,9,108
139015,42,28,135
139016,14,13,114
139017,10,8,102
139018,48,28,128
139019,32,25,130
139020,60,28,113
139021,48,27,120
139022,28,24,132
141001,14,16,132
141002,20,21,137
141003,16,19,142
141004,18,14,102
141005,14,17,139
141006,18,18,127
141007,22,21,129
141008,24,20,113
141009,20,19,125
141010,20,18,118
141011,22,20,122
141012,20,17,112
141013,24,21,120
141014,14,18,145
141015,18,20,140
141016,16,14,111
141017,16,19,142
141018,16,18,136
141019,14,18,145
141021,18,18,127
141022,22,22,135
141023,20,17,112
141024,22,22,135
141025,20,22,144
141026,28,23,125
141027,24,22,127
141028,32,23,117
141029,32,23,117
141030,28,19,99
141031,36,20,92
141032,36,24,115
141033,36,24,115
141034,42,23,100
141035,32,24,123
141036,42,24,107
141037,36,23,108
141038,42,21,91
141039,36,20,92
141040,42,22,96
141041,42,25,114
141042,42,25,114
141043,42,23,100
141044,54,24,95
141045,48,26,113
141046,54,23,91
141047,54,25,99
141048,48,26,113
141049,54,26,105
142001,22,16,97
142002,14,13,114
142003,22,21,129
142004,24,17,96
142005,24,18,100
142006,20,17,112
142007,10,10,114
142008,32,27,144
142009,0,0,95
142010,2,5,122
142011,8,4,89
142012,6,5,103
142013,32,22,110
142014,16,14,111
142015,16,14,111
142016,6,2,87
142017,32,23,117
142018,42,29,142
142019,6,7,115
142020,14,9,91
142021,16,17,130
142022,36,25,122
142023,60,29,120
142024,8,8,112
142025,20,15,99
142026,24,17,96
142027,4,1,90
142028,54,26,105
142029,36,18,83
142030,8,7,106
143001,132,34,114
143002,108,33,114
143003,48,27,120
143004,84,29,97
143005,84,30,101
143006,96,30,98
143007,72,29,106
143008,78,29,100
143009,60,27,105
143010,54,29,128
143011,32,23,117
143013,72,27,95
143017,60,29,120
143018,96,32,111
143019,132,33,105
143021,132,32,98
143022,132,34,114
143023,96,32,111
143024,32,20,97
143025,120,34,118
146001,0,2,109
146002,10,12,126
148001,84,27,89
148002,132,31,95
148003,66,27,99
148004,20,13,90
148005,54,28,120
148006,132,34,114
148007,108,33,114
148008,96,28,90
148009,132,31,95
148012,84,29,97
148013,84,31,109
148015,132,34,114
148016,48,23,95
148017,60,29,120
148018,28,21,111
148019,72,28,99
148020,14,12,108
148021,48,26,113
148022,108,28,84
148023,84,29,97
148024,42,24,107
148025,96,31,103
148026,78,29,100
148027,132,34,114
148028,60,27,105
148029,72,28,99
148030,84,27,89
148031,108,31,99
148032,20,17,112
151001,156,34,110
151002,120,34,118
151003,108,34,123
151004,156,34,110
151005,48,27,120
151006,36,19,88
151007,48,26,113
151008,78,25,84
151009,108,31,99
151010,42,18,79
151011,42,22,96
151012,84,31,109
151013,132,33,105
151014,36,21,96
151015,108,34,123
151016,78,26,88
151017,36,26,129
151018,132,34,114
151019,120,32,101
151020,132,34,114
151021,108,32,106
151022,132,31,95
151023,120,34,118
151024,132,33,105
151025,120,34,118
151026,120,34,118
151027,60,26,99
151028,66,27,99
151029,48,24,99
151030,66,27,99
151031,96,33,120
151032,96,32,111
151033,120,33,110
151034,120,33,110
151035,54,26,105
151036,96,32,111
151037,96,34,128
151038,108,32,106
151039,120,34,118
151040,132,34,114
151041,36,28,143
151042,84,28,93
151043,84,29,97
151044,84,30,101
151045,36,19,88
151046,96,33,120
151047,96,30,98
151048,120,34,118
151049,96,34,128
151050,24,16,91
151051,108,32,106
151052,84,31,109
151053,84,30,101
151054,108,32,106
151055,120,34,118
151056,96,25,78
151057,84,29,97
151058,84,29,97
151059,84,30,101
151060,96,31,103
154001,204,34,100
154002,32,22,110
154003,10,10,114
154004,204,34,100
154005,84,30,101
154006,10,9,108
154007,204,34,100
154008,204,34,100
154009,42,21,91
154010,120,34,118
154011,204,34,100
154012,204,34,100
154013,204,33,99
154014,204,34,100
154015,204,34,100
154016,204,34,100
154017,132,32,98
154018,120,30,93
154019,204,34,100
154020,204,34,100
154021,132,34,114
154022,132,34,114
154023,204,34,100
154024,84,32,117
154025,132,31,95
154026,204,34,100
154027,204,34,100
154028,108,31,99
154029,108,34,123
154030,132,31,95
154031,36,22,101
154032,12,10,105
154033,8,2,79
154035,20,10,75
154036,60,24,91
154037,72,23,80
154038,84,23,74
154039,132,31,95
154040,84,32,117
154041,66,28,106
154042,42,22,96
154043,28,16,85
154044,132,32,98
154045,132,32,98
154046,108,32,106
154047,120,32,101
154048,132,33,105
154049,78,30,107
154050,60,27,105
154051,6,3,92
154052,54,30,135
154054,8,2,79
154055,66,22,79
154056,108,32,106
154057,132,32,98
154058,120,32,101
154059,78,27,92
154060,120,32,101
154061,72,27,95
154062,14,11,102
154063,84,29,97
154064,48,26,113
154065,0,0,95
154066,0,0,95
154067,84,29,97
154068,132,32,98
154069,132,30,89
154070,132,29,83
154071,132,32,98
154072,78,29,100
154073,48,26,113
154074,28,22,118
154075,18,10,82
154076,132,34,114
154077,108,28,84
154078,84,29,97
154079,132,32,98
154080,120,31,97
154081,108,29,89
201003,66,29,113
201004,66,25,91
201005,60,24,91
201006,60,25,95
201007,72,26,91
201008,72,29,106
201009,72,31,122
201010,72,31,122
201011,66,28,106
201012,72,30,114
201013,66,29,113
201014,72,31,122
201015,66,31,128
201016,78,28,96
201020,54,27,113
201022,66,26,95
201030,72,32,129
201031,72,29,106
201033,66,28,106
201034,60,28,113
201040,66,28,106
201041,60,29,120
201043,54,29,128
201047,66,27,99
201050,72,30,114
201052,42,24,107
201053,66,31,128
201054,66,27,99
201056,54,29,128
202001,132,31,95
202002,108,32,106
202003,48,22,91
202004,108,34,123
202005,66,31,128
202006,54,27,113
202007,4,4,107
202008,96,32,111
202009,42,26,121
202010,4,4,107
202011,8,11,129
202012,132,32,98
202013,22,17,103
202014,42,18,79
202015,78,28,96
202016,10,8,102
202017,120,33,110
202018,48,18,74
202019,8,6,100
202020,6,5,103
202021,54,24,95
202022,28,17,90
202023,8,3,84
202024,24,22,127
202025,4,5,113
202026,42,25,114
202027,78,29,100
202028,42,25,114
202029,60,28,113
202030,2,2,105
202031,60,30,128
202032,42,26,121
202033,4,3,101
202034,6,4,98
202035,28,18,94
202036,20,15,99
202037,42,27,128
202038,42,28,135
202039,78,31,115
202040,6,3,92
202041,18,14,102
202042,42,27,128
202043,32,24,123
202044,36,27,136
202045,20,21,137
202046,16,12,99
202047,48,27,120
202048,96,31,103
202049,42,23,100
202050,96,34,128
202051,96,32,111
202052,78,31,115
202053,2,1,97
202054,6,3,92
202055,32,26,137
202056,54,27,113
202057,18,16,114
202058,48,26,113
202059,18,12,92
202060,48,24,99
202061,48,25,106
202062,42,23,100
202063,20,11,80
202064,0,1,102
202065,14,8,86
202066,42,24,107
202067,54,29,128
202068,28,10,58
202069,24,16,91
202070,6,9,127
202071,54,26,105
202072,8,12,135
202073,72,30,114
202074,18,15,108
202075,8,8,112
202076,120,33,110
202077,96,29,94
202078,12,4,73
202079,24,5,41
202080,36,15,70
202081,24,4,40
202082,108,28,84
202083,132,30,89
202085,132,28,80
202086,12,5,79
202087,42,19,83
202088,48,20,83
202089,78,28,96
202090,72,29,106
202091,96,32,111
202092,42,24,107
202093,60,24,91
202094,120,30,93
202095,28,12,67
202096,96,27,86
202097,84,26,85
202098,108,31,99
202099,132,34,114
202100,0,1,102
202101,48,25,106
202102,0,1,102
202103,66,33,144
202104,16,9,84
202105,24,18,100
202106,60,28,113
202107,132,34,114
202108,8,4,89
202109,132,34,114
202110,132,34,114
206001,42,16,70
206002,66,23,83
206003,78,27,92
206004,22,15,93
206005,84,30,101
206006,84,28,93
206008,84,31,109
206010,84,29,97
206015,72,30,114
206017,84,32,117
206019,78,30,107
206020,78,29,100
206024,84,23,74
207001,72,27,95
207002,60,25,95
207003,10,8,102
207004,96,31,103
207005,8,3,84
207006,20,13,90
207007,84,27,89
207008,10,10,114
207009,120,32,101
207010,48,26,113
207011,20,14,94
207012,48,20,83
207013,24,22,127
207014,8,2,79
207015,24,23,133
207016,12,12,117
207017,120,29,86
207018,96,31,103
207019,6,3,92
207020,32,20,97
207021,60,27,105
207022,8,6,100
207023,36,21,96
207024,84,27,89
207025,18,13,96
208001,54,11,41
208002,48,27,120
208003,54,31,142
208004,48,19,78
208005,48,25,106
208006,66,31,128
208007,60,24,91
208008,54,25,99
208009,54,29,128
208117,66,31,128
208118,66,26,95
211002,60,24,91
211003,120,33,110
211004,132,34,114
211005,108,33,114
211006,54,21,82
211007,42,19,83
211008,132,33,105
211009,84,29,97
211012,24,18,100
211014,28,24,132
211015,16,15,117
211016,78,31,115
211017,60,28,113
211018,28,22,118
211020,108,32,106
211021,72,28,99
211022,156,31,93
211023,108,29,89
211024,66,29,113
213001,32,23,117
213002,54,25,99
213003,72,16,52
215001,84,31,109
215002,48,28,128
215003,18,15,108
215004,84,30,101
215005,120,32,101
215006,2,3,111
215007,24,11,68
215008,4,1,90
215009,18,15,108
215010,24,21,120
216001,84,32,117
216002,132,32,98
216003,132,33,105
216004,48,27,120
216005,96,31,103
216006,66,26,95
216007,36,26,129
216008,108,32,106
216009,84,31,109
216011,132,34,114
216012,120,32,101
216013,132,32,98
216014,8,8,112
216015,42,19,83
216016,96,32,111
216017,84,30,101
216018,48,26,113
216019,18,16,114
218001,16,11,94
218003,60,28,113
218004,48,28,128
218005,84,29,97
218006,4,4,107
218007,24,22,127
218008,6,3,92
218009,72,29,106
218010,20,14,94
218011,10,6,92
218012,24,18,100
218013,8,8,112
218014,8,8,112
218015,18,16,114
218016,6,6,109
218017,12,9,99
218018,14,12,108
218019,20,13,90
218020,4,3,101
218021,12,9,99
218022,4,3,101
218023,6,1,82
218024,6,1,82
218025,4,2,96
218026,18,14,102
218027,4,2,96
218028,18,16,114
218030,10,7,97
218031,10,9,108
218032,18,11,87
218033,4,2,96
218034,16,12,99
218035,16,12,99
218036,12,11,111
218037,12,11,111
219001,78,29,100
219002,108,31,99
219003,60,26,99
219004,84,28,93
219005,84,27,89
219006,96,30,98
219007,72,34,145
219008,120,34,118
219009,96,30,98
219010,66,29,113
220001,108,31,99
220002,78,31,115
220003,42,27,128
220004,24,20,113
220005,132,32,98
220006,22,14,88
220007,54,24,95
220008,108,34,123
220009,84,25,81
220010,66,25,91
220011,66,27,99
220012,60,26,99
220013,66,29,113
220015,60,24,91
220016,48,28,128
220017,66,30,121
220018,78,31,115
220019,96,30,98
220020,78,29,100
220021,24,18,100
220022,24,17,96
220023,54,28,120
220024,78,32,123
220025,108,32,106
220026,4,2,96
220027,6,4,98
220028,96,32,111
220029,14,7,81
220030,132,32,98
220031,132,29,83
220032,120,31,97
220033,48,29,135
220034,132,31,95
220035,132,33,105
220036,120,32,101
220037,72,30,114
220038,20,17,112
220039,12,17,147
220040,28,23,125
220041,32,21,103
220042,8,6,100
220043,28,19,99
220044,72,30,114
221001,36,22,101
221002,18,9,77
221003,18,12,92
221004,28,22,118
221005,72,31,122
221006,72,27,95
221007,32,18,89
221008,72,31,122
221009,72,26,91
221010,12,13,123
221011,22,19,116
221012,66,27,99
221013,12,10,105
221014,4,3,101
221015,2,3,111
223001,42,23,100
223002,24,19,107
223003,6,2,87
223004,72,30,114
223005,96,32,111
223006,36,25,122
223007,24,17,96
223008,96,29,94
223009,108,30,95
223010,28,14,76
224001,96,30,98
224002,78,30,107
224003,66,28,106
224004,32,20,97
224005,96,31,103
224006,72,30,114
224007,48,28,128
224008,28,21,111
224009,72,30,114
224010,96,31,103
224011,36,26,129
224012,36,24,115
224013,60,25,95
224014,60,24,91
224015,48,24,99
224016,42,21,91
224017,60,22,83
224018,48,20,83
224019,72,27,95
224020,66,28,106
224021,14,11,102
227001,4,1,90
227002,32,20,97
227003,66,27,99
227004,4,1,90
227005,6,5,103
227006,18,18,127
227007,28,17,90
227008,0,0,95
227009,20,17,112
227010,28,18,94
227011,6,3,92
227012,28,18,94
227013,16,15,117
227014,24,15,86
227015,4,1,90
227016,6,8,121
227017,22,19,116
227018,32,19,93
227019,0,0,95
227020,18,15,108
227021,10,11,120
227022,12,12,117
228001,8,6,100
228003,28,24,132
228004,24,20,113
228005,12,11,111
229001,10,8,102
229002,12,9,99
229003,14,8,86
229004,6,2,87
229005,12,10,105
229006,18,17,121
229007,0,0,95
229008,8,4,89
302001,96,34,128
302002,108,34,123
302004,22,13,83
302005,78,34,139
302006,84,34,133
302007,120,34,118
302008,96,29,94
302009,78,30,107
302010,204,34,100
302011,132,33,105
501001,60,21,79
501002,48,17,70
501003,84,30,101
501005,60,22,83
501006,48,20,83
501008,48,19,78
501009,132,34,114
501010,48,22,91
501011,72,20,68
501013,72,29,106
501014,72,29,106
501018,108,32,106
501019,72,24,83
501020,60,24,91
501021,72,26,91
501022,32,9,49
501023,60,27,105
501025,78,28,96
501026,120,32,101
501027,108,31,99
501029,60,20,74
501031,108,25,74
501032,48,24,99
503001,66,25,91
503007,66,15,51
505001,28,10,58
505002,28,12,67
505003,36,7,40
505004,24,13,77
505005,60,19,70
505008,42,19,83
505013,48,20,83
505015,156,31,93
505016,66,20,71
505021,132,27,76
505023,36,7,40
505024,42,23,100
505025,36,3,40
505030,32,10,53
505032,132,31,95
505033,132,21,56
505035,48,20,83
505036,54,17,66
505037,54,17,66
505038,42,15,66
505039,42,8,40
505040,60,19,70
506001,54,7,40
506003,78,25,84
506004,96,28,90
506005,72,27,95
506008,120,33,110
506009,84,24,78
506011,36,18,83
506014,54,21,82
506015,72,16,52
506016,42,16,70
506022,78,25,84
507002,66,25,91
507005,54,22,87
507006,66,24,87
508001,60,23,87
508002,60,22,83
508005,156,32,97
508007,204,33,99
508008,42,22,96
508009,72,21,72
508010,72,17,56
508011,66,19,67
508013,54,17,66
508014,120,23,64
508015,42,12,53
508016,108,24,70
508017,156,33,101
508019,36,14,66
508021,36,12,57
508022,42,13,57
508023,84,23,74
508024,84,25,81
508025,84,23,74
508026,120,30,93
508027,54,15,58
508028,84,25,81
508029,156,29,80
508030,132,23,62
508031,60,15,54
508032,54,15,58
508033,42,13,57
508034,84,22,70
510001,96,22,66
510004,72,19,64
510005,108,27,81
510007,132,31,95
510008,120,29,86
510009,156,32,97
510010,132,23,62
510014,132,29,83
510016,156,30,87
517001,78,24,80
517003,54,6,40
517004,108,32,106
517005,132,28,80
517007,156,33,101
517009,120,25,72
517010,156,33,101
517011,84,26,85
517012,96,28,90
517013,60,21,79
517017,84,26,85
517018,42,20,87
517020,78,27,92
517021,120,31,97
517022,156,34,110
517023,66,29,113
517024,156,30,87
517026,84,28,93
517028,66,22,79
526003,48,20,83
526005,60,15,54
527001,36,10,49
527002,120,23,64
527004,108,22,63
527005,24,12,73
529001,72,25,87
529008,96,31,103
529015,96,31,103
529018,204,34,100
529020,204,34,100
529021,204,34,100
529022,132,34,114
529023,132,34,114
529024,204,34,100
529025,72,31,122
529026,66,31,128
529029,66,13,43
600001,132,21,56
600003,156,26,71
600006,96,22,66
600007,120,24,68
600008,120,25,72
600009,108,23,66
600010,108,22,63
601002,156,27,74
601007,156,26,71
601011,204,34,100
602001,120,32,101
602002,60,21,79
602003,66,26,95
602004,66,27,99
602005,84,26,85
602006,78,26,88
602007,72,24,83
602008,78,23,77
605002,96,23,69
605003,96,18,53
607004,78,26,88
607005,60,22,83
607006,156,18,46
608001,42,23,100
608002,48,22,91
608003,54,24,95
608004,78,26,88
608005,36,23,108
608006,28,10,58
608007,60,29,120
608008,132,26,73
608009,42,23,100
608010,42,21,91
608011,66,28,106
608012,78,28,96
608013,32,13,67
608014,66,29,113
609003,54,24,95
611007,78,29,100
612001,60,31,135
612002,54,28,120
612003,36,19,88
612004,24,19,107
612005,28,17,90
612006,28,22,118
612007,120,29,86
612008,108,30,95
612009,24,8,55
612010,28,9,54
612012,96,29,94
612013,108,29,89
612014,120,29,86
612017,78,26,88
701001,84,32,117
701004,132,23,62
705002,78,23,77
