ID,agestrat,TOTALscore,COMscore,COGscore,SOCscore,ADPscore,PHYscore
101001,108,184,31,41,34,41,37
101002,78,173,30,36,33,38,36
101003,32,103,21,19,15,23,25
101004,204,188,34,42,34,41,37
101005,180,190,34,42,36,41,37
101006,156,189,34,41,36,41,37
101007,36,132,26,24,26,29,27
101008,48,118,25,23,22,23,25
101009,84,180,31,39,35,38,37
101010,120,187,32,42,36,40,37
101011,156,190,34,42,36,41,37
101012,180,190,34,42,36,41,37
101013,36,105,20,18,18,24,25
101014,84,156,28,33,24,34,37
101015,60,145,28,31,23,31,32
101017,32,97,21,18,15,22,21
101018,78,169,29,34,30,39,37
101019,48,156,29,26,29,37,35
101020,120,188,32,42,36,41,37
101021,96,180,30,38,35,40,37
101022,156,190,34,42,36,41,37
101023,72,169,32,36,31,37,33
101024,72,137,25,32,20,27,33
101025,54,133,24,25,24,30,30
101026,156,188,34,42,35,40,37
101027,48,144,29,27,30,27,31
101028,12,52,12,8,11,9,12
101029,60,155,31,26,32,35,31
101030,96,180,32,39,34,39,36
101031,60,132,27,23,21,31,30
101032,96,183,34,39,35,40,35
101033,32,91,21,19,14,16,21
101034,60,127,27,23,19,28,30
101035,120,188,32,42,36,41,37
101036,48,104,21,20,17,23,23
101037,60,176,31,34,36,40,35
101038,84,186,32,41,36,41,36
101039,42,127,27,25,25,26,24
101040,24,79,18,15,14,14,18
101041,14,65,13,11,13,11,17
101042,28,99,21,20,16,22,20
101043,60,167,31,38,30,34,34
101044,2,12,1,3,4,2,2
101045,78,177,30,40,33,38,36
101046,24,93,20,16,16,19,22
101047,72,157,30,32,26,33,36
101048,28,130,26,18,29,28,29
101049,32,89,18,14,15,23,19
101050,60,140,27,24,25,31,33
101051,28,100,21,20,16,22,21
102001,72,163,30,35,33,30,35
102002,24,69,19,14,12,9,15
102003,22,71,19,13,12,10,17
102004,0,7,1,2,2,1,1
102005,16,63,18,13,12,8,12
102006,32,61,18,13,8,10,12
102007,14,42,9,6,8,8,11
102008,0,9,1,3,3,2,0
102009,72,122,24,22,18,25,33
102010,96,145,26,33,21,29,36
102011,96,176,31,41,30,38,36
102012,228,190,34,42,36,41,37
102013,228,190,34,42,36,41,37
102014,228,190,34,42,36,41,37
102015,156,189,34,42,35,41,37
102016,204,190,34,42,36,41,37
102017,156,190,34,42,36,41,37
102018,144,190,34,42,36,41,37
102019,228,190,34,42,36,41,37
102020,156,190,34,42,36,41,37
102021,156,190,34,42,36,41,37
102022,180,190,34,42,36,41,37
102023,16,50,10,11,9,8,12
102024,156,190,34,42,36,41,37
102025,204,190,34,42,36,41,37
102026,156,190,34,42,36,41,37
102027,180,190,34,42,36,41,37
102028,204,190,34,42,36,41,37
102029,28,73,19,13,11,11,19
102030,204,190,34,42,36,41,37
102031,204,190,34,42,36,41,37
102032,180,190,34,42,36,41,37
102033,0,4,1,1,2,0,0
102034,156,190,34,42,36,41,37
102035,156,190,34,42,36,41,37
102036,12,44,10,8,9,8,9
102037,24,66,18,13,12,10,13
102038,204,190,34,42,36,41,37
102039,204,190,34,42,36,41,37
102040,180,190,34,42,36,41,37
104001,156,186,32,42,34,41,37
104002,132,188,34,42,35,40,37
104003,54,137,27,24,20,33,33
104004,72,167,32,35,33,34,33
104005,60,128,26,24,24,26,28
104006,66,155,28,33,30,33,31
104007,36,117,24,22,21,25,25
104011,4,21,4,5,3,5,4
104012,2,20,3,5,6,5,1
104014,78,172,30,37,31,38,36
104015,36,122,26,26,17,26,27
104016,28,89,19,19,15,14,22
104017,84,167,29,37,28,36,37
104018,36,117,23,19,21,26,28
104019,6,26,3,5,7,7,4
104020,120,188,34,42,35,41,36
104021,14,70,15,10,14,12,19
104022,16,64,11,12,10,10,21
104023,96,180,32,40,33,38,37
104024,60,146,26,30,27,30,33
104025,60,149,28,30,29,30,32
104026,156,173,30,38,31,37,37
104027,228,190,34,42,36,41,37
104028,48,122,26,23,19,27,27
104029,16,47,10,8,11,7,11
104030,66,124,26,25,20,25,28
104031,6,24,3,5,5,5,6
104040,54,144,28,29,28,29,30
104041,204,189,34,42,36,40,37
104043,180,188,34,42,34,41,37
104052,24,72,14,12,13,14,19
104053,24,69,13,13,11,13,19
105001,36,63,11,16,4,14,18
105002,48,84,19,18,11,15,21
105006,54,91,17,19,13,20,22
105008,36,99,17,16,17,22,27
105010,54,49,6,9,5,13,16
105012,48,85,16,20,11,15,23
105013,42,72,14,12,15,13,18
105014,42,67,10,10,10,17,20
105020,48,90,20,16,15,20,19
105022,180,161,26,38,27,36,34
105027,228,145,24,30,21,36,34
105030,228,155,29,33,26,32,35
105033,66,150,26,29,25,36,34
105034,72,150,26,31,31,31,31
105035,72,97,22,20,11,25,19
105042,42,49,7,11,4,10,17
105043,66,117,21,21,21,28,26
107001,228,182,33,42,33,37,37
107002,204,190,34,42,36,41,37
107003,156,184,32,41,34,41,36
107004,144,187,34,42,36,38,37
107005,156,176,31,41,31,37,36
107006,132,190,34,42,36,41,37
107007,180,189,34,42,35,41,37
107008,78,140,24,35,30,27,24
107009,228,190,34,42,36,41,37
107010,156,177,32,42,27,39,37
107011,204,190,34,42,36,41,37
107012,204,190,34,42,36,41,37
107013,204,190,34,42,36,41,37
107014,156,190,34,42,36,41,37
107015,228,189,34,42,35,41,37
107016,144,189,34,41,36,41,37
107017,180,188,33,42,36,40,37
107018,156,190,34,42,36,41,37
107019,120,190,34,42,36,41,37
107020,108,190,34,42,36,41,37
107021,72,158,30,35,29,33,31
107022,156,184,34,40,33,40,37
107023,156,180,32,41,34,37,36
107024,156,183,33,38,35,40,37
107025,156,176,32,38,31,41,34
107026,144,189,34,41,36,41,37
107027,144,175,32,35,32,40,36
107028,180,184,32,42,34,39,37
107029,156,181,29,40,35,41,36
107030,144,185,34,41,36,37,37
107031,156,179,32,37,36,41,33
107032,144,172,33,42,22,38,37
107033,156,186,34,42,35,41,34
107034,24,119,27,21,27,19,25
107035,32,76,16,16,19,11,14
107036,72,188,34,40,36,41,37
107037,60,144,27,33,20,31,33
107038,132,183,33,41,33,39,37
107039,84,165,33,38,35,26,33
107040,144,188,34,42,34,41,37
107041,144,183,32,42,35,41,33
107042,144,183,31,41,35,39,37
107044,156,186,33,41,36,40,36
107045,156,188,33,42,35,41,37
107046,54,118,23,25,20,22,28
107047,156,188,33,42,35,41,37
107048,60,152,29,35,27,27,34
107049,42,143,28,32,28,23,32
107050,20,88,19,15,22,11,21
107051,24,98,22,18,16,17,25
107052,78,167,30,35,33,34,35
107053,204,190,34,42,36,41,37
107054,84,182,32,42,36,35,37
107055,108,179,30,42,34,36,37
107056,180,180,31,39,33,41,36
107057,180,181,34,41,29,40,37
107058,180,184,33,42,32,41,36
107059,204,186,34,41,35,40,36
107060,228,189,34,42,36,41,36
108001,144,188,32,42,36,41,37
108002,180,190,34,42,36,41,37
108003,84,174,32,39,31,37,35
108004,32,91,18,16,18,18,21
108005,16,58,13,12,10,10,13
108006,16,46,9,6,9,8,14
108007,78,183,31,39,36,41,36
108008,120,190,34,42,36,41,37
108009,60,169,31,30,35,37,36
108010,60,176,31,37,35,37,36
108012,156,187,34,42,35,39,37
108013,96,165,30,33,32,33,37
108014,108,186,32,42,35,40,37
108015,54,144,26,27,27,32,32
108016,72,151,28,28,31,31,33
108017,28,69,15,14,12,14,14
108018,14,41,7,7,10,7,10
108019,204,188,34,42,35,41,36
108020,96,163,30,36,31,32,34
108021,16,50,10,11,8,7,14
108022,24,74,13,16,11,15,19
108023,156,186,34,42,33,40,37
108024,24,67,14,9,13,12,19
108025,60,141,23,31,29,28,30
108026,28,87,17,18,17,16,19
108027,144,174,29,42,29,37,37
108028,120,183,32,42,35,37,37
108029,28,90,20,17,18,15,20
108031,60,101,17,21,12,24,27
108033,48,134,26,27,27,24,30
108034,20,62,13,12,13,12,12
108037,78,144,29,31,25,30,29
108038,48,121,23,25,20,26,27
108039,96,184,32,42,33,40,37
108041,108,184,34,42,34,38,36
108042,156,186,34,42,33,40,37
108043,96,176,32,41,33,34,36
108044,180,189,34,42,35,41,37
108045,144,189,34,42,35,41,37
109001,228,181,34,42,32,36,37
109002,96,176,30,39,33,38,36
109003,78,153,30,33,29,28,33
109004,108,179,31,41,33,37,37
109005,60,131,26,30,30,27,18
109006,28,86,19,10,12,20,25
109007,72,138,27,34,25,25,27
109008,42,93,20,18,12,25,18
109009,36,124,25,23,18,28,30
109011,156,183,34,41,36,36,36
109012,120,188,34,41,36,41,36
109013,16,61,12,7,11,13,18
109014,48,114,19,16,20,26,33
109015,120,181,31,42,33,38,37
109016,108,180,31,42,31,39,37
109017,156,184,33,41,36,39,35
109018,42,125,25,22,25,26,27
109019,78,164,28,35,35,32,34
109020,78,160,26,37,32,30,35
109021,96,185,33,40,34,41,37
109022,32,125,22,19,25,26,33
109023,120,189,34,42,35,41,37
109024,204,189,34,42,36,40,37
109026,66,148,27,28,29,31,33
109027,144,188,34,42,35,41,36
109028,4,31,7,5,8,6,5
109029,144,182,32,42,31,40,37
109031,180,170,28,40,28,37,37
109032,14,51,12,6,11,8,14
109033,72,174,34,35,32,36,37
109034,132,190,34,42,36,41,37
109035,42,138,29,24,31,29,25
109036,204,190,34,42,36,41,37
109037,120,175,31,40,31,37,36
109038,48,101,21,18,16,22,24
109039,228,190,34,42,36,41,37
109040,204,190,34,42,36,41,37
109041,156,190,34,42,36,41,37
109042,120,189,34,42,36,40,37
109043,84,189,34,42,35,41,37
109044,180,187,34,42,34,40,37
109045,156,169,31,41,33,31,33
109046,84,156,24,31,25,39,37
109047,2,11,0,0,4,0,7
109048,132,179,27,42,35,39,36
109049,120,169,26,42,27,38,36
109050,108,182,30,41,35,39,37
109051,84,176,29,42,32,37,36
109052,108,169,33,41,29,36,30
109053,18,53,11,8,12,9,13
109054,42,124,25,23,20,29,27
109055,66,178,31,38,34,38,37
109056,180,182,34,42,29,41,36
109057,180,182,34,42,32,38,36
109058,228,188,34,42,34,41,37
109059,14,49,10,7,9,8,15
109060,48,143,24,27,27,32,33
109061,96,189,34,42,36,40,37
109062,156,190,34,42,36,41,37
109063,36,105,22,19,18,24,22
109064,72,148,27,27,31,30,33
109065,96,178,31,39,35,36,37
109066,48,118,24,23,20,24,27
109067,10,46,10,7,10,9,10
109068,108,183,31,40,35,40,37
109069,78,174,30,35,35,38,36
109070,156,185,34,41,35,38,37
109071,228,190,34,42,36,41,37
109072,204,177,34,41,27,38,37
109073,144,181,33,41,29,41,37
109075,180,189,34,42,36,40,37
109076,204,188,34,42,34,41,37
109077,156,190,34,42,36,41,37
109078,32,122,25,23,20,25,29
109079,108,176,32,40,32,35,37
109080,54,130,29,27,23,24,27
109081,36,120,25,24,25,21,25
109082,4,15,2,5,3,3,2
109083,156,190,34,42,36,41,37
109084,108,172,29,36,33,38,36
109085,84,172,32,35,34,36,35
109086,78,157,29,30,29,35,34
109087,32,83,19,15,14,15,20
109088,96,169,29,39,30,35,36
109089,84,175,30,39,34,36,36
109090,48,152,29,34,28,28,33
109091,66,158,29,35,31,30,33
109094,120,189,34,42,35,41,37
109095,108,180,30,40,33,41,36
109096,48,143,25,21,29,34,34
109097,72,170,31,32,34,37,36
109098,6,24,5,5,4,4,6
109102,156,184,31,42,35,41,35
110001,16,65,15,10,13,9,18
110002,12,46,10,7,11,8,10
110003,6,30,5,5,8,5,7
110004,96,179,31,40,31,40,37
110005,132,188,34,42,34,41,37
110006,84,170,30,38,33,34,35
110007,72,178,32,37,33,39,37
110008,78,163,28,36,28,34,37
110009,14,62,16,10,9,12,15
110010,12,42,9,6,10,7,10
111001,84,182,31,41,33,41,36
111002,42,117,26,24,20,22,25
111003,120,180,32,42,32,39,35
111004,36,113,23,20,18,25,27
111005,2,15,3,3,5,3,1
111006,78,161,30,33,32,33,33
111007,144,186,32,42,34,41,37
111008,14,63,13,9,14,10,17
111009,60,152,29,33,25,31,34
111010,42,127,27,25,20,26,29
111011,108,189,33,42,36,41,37
111012,36,124,26,23,18,27,30
111013,10,31,4,6,7,6,8
111014,120,189,33,42,36,41,37
111015,156,190,34,42,36,41,37
111016,204,189,34,42,35,41,37
111017,14,59,11,9,11,13,15
111018,156,186,34,42,35,38,37
111019,42,118,23,19,24,28,24
111020,42,94,20,18,12,25,19
111021,108,179,30,41,34,38,36
111022,36,106,22,20,19,22,23
111023,24,83,12,16,13,17,25
111024,42,125,25,23,23,24,30
111025,144,190,34,42,36,41,37
111026,180,190,34,42,36,41,37
111027,16,67,15,12,13,11,16
111028,48,147,28,28,29,32,30
111029,60,132,22,27,23,26,34
111030,48,130,25,25,25,24,31
111031,18,76,19,14,12,14,17
111032,60,150,28,29,31,29,33
111033,156,182,32,42,31,40,37
111034,144,188,32,42,36,41,37
111035,120,183,33,42,32,40,36
111036,132,187,33,42,35,41,36
111037,20,71,16,14,13,12,16
111038,54,161,28,34,28,36,35
111039,4,24,3,6,6,5,4
111040,204,190,34,42,36,41,37
111041,156,190,34,42,36,41,37
111042,144,186,32,42,35,40,37
111043,120,180,32,41,32,38,37
111044,72,155,28,36,29,30,32
111045,20,83,16,12,14,16,25
111046,4,14,1,5,4,2,2
111047,28,81,18,17,14,15,17
111048,10,32,5,5,7,7,8
111049,48,138,28,28,27,27,28
111050,16,61,12,13,11,10,15
111051,22,66,16,13,11,11,15
111052,60,146,27,33,25,29,32
111053,8,38,7,7,8,8,8
111054,32,88,21,17,14,14,22
111055,32,118,24,19,25,20,30
112001,32,122,26,28,21,21,26
112002,72,135,23,32,23,29,28
112003,84,137,24,29,24,28,32
112004,36,106,19,18,14,24,31
112005,204,188,34,42,34,41,37
112006,78,166,28,36,33,35,34
112007,66,150,27,30,28,31,34
112008,28,118,25,20,23,23,27
112009,36,108,23,20,18,21,26
112010,24,76,12,12,15,15,22
112011,24,120,25,21,28,22,24
112012,48,142,27,26,27,28,34
112013,132,181,33,39,32,40,37
112014,204,184,34,42,33,38,37
112015,204,180,33,40,32,38,37
112016,204,190,34,42,36,41,37
112017,96,144,25,34,21,30,34
112018,84,147,26,34,23,31,33
112019,204,188,34,42,34,41,37
112020,84,125,22,28,20,25,30
112021,36,123,24,22,20,26,31
112022,48,147,29,27,31,28,32
112023,54,140,29,29,23,30,29
112024,36,142,29,24,28,29,32
112025,32,100,22,23,15,18,22
112026,32,72,12,15,14,12,19
112027,156,190,34,42,36,41,37
112028,204,187,34,42,35,39,37
112029,180,190,34,42,36,41,37
112030,144,162,30,37,27,33,35
112031,66,123,26,28,21,23,25
112032,72,154,26,31,30,35,32
112033,84,144,24,36,25,28,31
112034,78,120,21,33,20,23,23
112035,120,161,27,37,26,34,37
112036,96,160,29,37,29,31,34
112037,228,190,34,42,36,41,37
112038,78,129,23,28,22,29,27
112039,180,185,34,37,36,41,37
112040,96,140,24,35,19,28,34
112041,120,157,27,38,25,33,34
112042,84,141,23,33,28,26,31
112043,180,189,34,42,35,41,37
112044,108,158,25,38,27,31,37
112045,108,149,27,34,29,29,30
112046,108,174,30,39,32,41,32
112047,96,164,28,39,30,32,35
112048,204,190,34,42,36,41,37
112049,204,190,34,42,36,41,37
112050,84,136,24,35,21,27,29
112051,84,133,22,31,22,27,31
112052,84,140,25,31,24,27,33
112053,132,179,32,40,32,38,37
112054,204,190,34,42,36,41,37
112055,180,190,34,42,36,41,37
112056,120,179,31,39,31,41,37
112057,204,190,34,42,36,41,37
112058,204,190,34,42,36,41,37
112059,204,190,34,42,36,41,37
112060,204,190,34,42,36,41,37
112061,204,189,34,42,35,41,37
112062,156,190,34,42,36,41,37
112063,204,190,34,42,36,41,37
112064,204,190,34,42,36,41,37
112065,204,190,34,42,36,41,37
112066,204,190,34,42,36,41,37
112067,144,190,34,42,36,41,37
112068,96,150,26,34,25,29,36
112069,132,176,31,38,29,41,37
112070,84,132,24,30,22,26,30
112071,120,165,26,36,30,36,37
112072,180,190,34,42,36,41,37
112073,204,190,34,42,36,41,37
112074,204,190,34,42,36,41,37
112075,180,190,34,42,36,41,37
113001,204,160,29,37,28,37,29
113002,180,186,33,42,35,41,35
113003,228,186,34,42,34,41,35
113004,108,190,34,42,36,41,37
113005,84,182,31,40,36,39,36
113006,60,119,24,24,21,24,26
113007,66,169,31,38,31,35,34
113008,96,183,31,42,32,41,37
113009,78,163,29,37,32,32,33
113010,48,134,25,25,24,29,31
113012,22,77,17,13,14,14,19
113013,108,151,24,37,18,36,36
113014,72,157,28,33,33,34,29
114001,54,126,24,25,22,25,30
114002,72,156,29,37,27,29,34
114003,132,179,32,40,35,36,36
114004,54,143,27,30,26,29,31
114005,4,17,2,5,5,1,4
114006,60,165,30,34,34,32,35
114007,54,144,28,29,28,28,31
114008,54,129,23,28,24,26,28
114009,54,139,28,28,26,28,29
114010,54,143,28,26,28,32,29
114011,2,9,2,2,3,2,0
114012,54,142,29,25,29,29,30
114013,28,115,25,22,19,24,25
114014,54,161,31,28,35,35,32
114015,54,134,28,21,28,32,25
114016,78,156,28,34,27,34,33
114017,78,171,30,41,30,36,34
114018,54,144,29,27,29,31,28
114020,24,88,21,13,15,19,20
114022,60,142,27,30,30,26,29
114023,84,169,32,38,32,30,37
115001,48,106,22,14,19,24,27
115002,84,169,30,37,31,38,33
115003,132,174,34,41,29,34,36
115004,156,187,34,42,34,41,36
115005,180,182,32,41,33,40,36
115006,32,95,20,16,16,20,23
115007,60,139,27,26,28,29,29
115008,132,179,31,40,33,39,36
115009,84,162,30,34,31,34,33
115010,4,20,3,5,5,3,4
115011,24,99,21,23,19,18,18
115012,156,184,34,41,35,38,36
115013,180,187,34,42,36,39,36
115014,228,187,34,42,36,39,36
115015,48,97,23,19,13,21,21
115029,60,152,30,29,31,31,31
115030,108,173,31,36,33,36,37
115031,36,115,24,19,25,22,25
115032,120,186,31,42,35,41,37
115033,60,173,31,39,33,36,34
115034,84,174,31,39,34,38,32
115035,108,162,29,37,25,36,35
115036,120,184,31,42,34,40,37
115037,42,91,18,17,14,19,23
115038,156,182,34,42,31,38,37
115039,180,186,34,42,33,40,37
115040,12,39,10,7,5,8,9
115041,180,190,34,42,36,41,37
115042,180,190,34,42,36,41,37
115043,78,166,29,35,33,33,36
115044,120,182,32,41,34,38,37
115045,156,187,32,42,35,41,37
115046,24,80,18,13,16,16,17
115047,42,125,25,23,22,25,30
115048,84,183,31,41,35,39,37
115049,108,184,31,42,35,39,37
115050,120,156,28,38,25,34,31
115116,14,48,9,7,10,9,13
115117,32,81,16,16,13,15,21
115118,42,125,23,20,22,30,30
115119,28,80,20,17,11,17,15
115120,54,138,28,29,27,28,26
115121,72,139,28,28,23,30,30
115122,108,181,33,42,30,40,36
115123,144,184,32,42,33,41,36
115124,156,187,33,42,34,41,37
115125,204,188,33,42,35,41,37
115126,60,159,31,29,36,29,34
115127,96,190,34,42,36,41,37
115128,120,190,34,42,36,41,37
116001,24,96,20,17,15,21,23
116002,36,102,20,14,15,23,30
116003,36,103,20,15,16,21,31
116004,36,107,21,19,18,20,29
116005,22,59,14,8,11,9,17
116006,32,104,22,13,18,23,28
116007,14,72,15,10,18,11,18
116008,42,115,21,21,17,23,33
116009,14,46,9,7,11,7,12
116010,28,84,18,13,13,17,23
116011,144,183,33,42,34,37,37
116012,12,49,11,8,13,7,10
116013,10,45,12,7,11,7,8
116014,28,91,18,14,15,21,23
116015,132,185,33,41,34,40,37
116016,144,190,34,42,36,41,37
116017,42,105,22,18,17,22,26
116018,12,47,10,7,11,7,12
116019,20,65,10,13,12,12,18
116020,32,122,24,24,19,21,34
116021,132,190,34,42,36,41,37
116022,144,190,34,42,36,41,37
116023,180,190,34,42,36,41,37
116024,108,171,31,36,31,36,37
116025,66,159,29,30,32,32,36
116026,32,67,12,11,13,11,20
116027,28,80,19,13,13,16,19
116028,6,13,0,5,2,4,2
116029,180,190,34,42,36,41,37
116030,204,190,34,42,36,41,37
116031,12,45,8,7,11,7,12
116032,180,190,34,42,36,41,37
116033,12,42,9,7,11,7,8
116034,180,190,34,42,36,41,37
116035,180,189,34,41,36,41,37
116036,66,147,28,34,22,29,34
116037,132,188,34,41,35,41,37
116038,8,26,4,5,5,6,6
116040,132,189,34,41,36,41,37
116041,108,171,31,38,31,34,37
116042,132,188,34,40,36,41,37
116043,72,126,22,26,15,30,33
116044,132,189,34,41,36,41,37
116045,132,190,34,42,36,41,37
116046,120,173,31,36,33,36,37
116047,228,190,34,42,36,41,37
116048,132,187,33,40,36,41,37
116049,28,95,20,16,18,19,22
116050,32,97,21,18,18,20,20
116051,132,184,34,38,34,41,37
116052,228,190,34,42,36,41,37
116053,228,190,34,42,36,41,37
116054,132,187,34,41,34,41,37
116055,28,92,20,16,18,18,20
116056,32,92,20,16,17,19,20
116057,144,187,34,40,35,41,37
116058,120,185,34,39,34,41,37
116059,132,186,34,41,33,41,37
116060,132,188,34,42,34,41,37
116061,120,179,33,37,35,37,37
116062,24,88,20,13,18,17,20
116063,24,75,18,5,14,18,20
116064,228,190,34,42,36,41,37
116065,228,190,34,42,36,41,37
116069,132,186,34,42,32,41,37
116071,132,188,34,40,36,41,37
116072,132,186,34,38,36,41,37
116073,32,89,20,15,14,20,20
116074,228,190,34,42,36,41,37
116075,228,190,34,42,36,41,37
116076,228,190,34,42,36,41,37
116077,132,189,34,42,35,41,37
116078,132,189,34,41,36,41,37
116079,28,90,19,17,14,20,20
116080,32,93,19,18,16,19,21
117001,32,83,16,18,15,13,21
117002,66,159,30,36,31,30,32
117003,120,183,32,42,35,39,35
117004,24,95,23,13,23,18,18
117005,120,188,34,42,35,40,37
117006,66,155,29,33,30,33,30
117007,132,181,32,40,33,39,37
117008,10,38,7,7,9,7,8
117009,42,154,28,27,32,35,32
117010,10,38,8,7,9,7,7
117011,6,29,5,6,9,5,4
117012,36,93,19,18,16,17,23
117013,24,74,16,13,13,12,20
117014,54,142,26,28,27,28,33
117015,28,85,20,16,16,12,21
117016,24,88,19,17,14,18,20
117017,4,16,1,5,3,4,3
117018,4,26,4,6,7,5,4
117019,4,19,1,5,4,5,4
117020,6,37,8,7,10,6,6
117021,10,44,10,7,10,7,10
117022,54,144,28,27,30,26,33
117023,54,143,28,26,29,27,33
117024,48,118,24,23,18,25,28
117025,4,18,3,5,3,3,4
117026,22,67,17,15,12,9,14
117027,4,19,2,5,5,3,4
117028,28,89,23,19,16,14,17
117029,48,114,26,25,20,20,23
117030,36,117,26,21,18,26,26
117031,14,55,12,12,10,10,11
117032,144,183,34,42,32,38,37
117033,4,16,3,5,5,2,1
117034,132,175,30,42,28,38,37
117035,108,176,30,41,30,40,35
117036,78,170,27,39,31,37,36
117037,66,129,25,31,17,28,28
117038,108,186,32,42,34,41,37
117040,8,41,7,7,10,8,9
117041,84,172,29,38,34,34,37
117042,36,100,23,15,17,20,25
117043,66,143,27,29,26,30,31
117044,8,37,8,8,9,6,6
117045,32,126,27,24,23,26,26
117046,0,0,0,0,0,0,0
117047,0,0,0,0,0,0,0
117048,96,172,30,40,32,36,34
117049,78,165,29,37,30,36,33
117050,132,166,31,42,26,33,34
117053,8,41,9,8,9,7,8
117054,84,165,28,37,31,32,37
117055,36,108,24,18,20,21,25
117056,18,65,14,11,13,12,15
117059,22,75,14,15,17,10,19
117060,8,33,5,6,8,7,7
117061,72,150,29,32,29,28,32
117062,42,125,26,23,24,24,28
117063,10,38,9,7,9,5,8
117064,60,152,27,34,31,28,32
117065,36,113,21,19,23,22,28
118001,66,149,28,33,31,25,32
118002,32,98,21,20,15,20,22
118003,180,189,34,42,35,41,37
118004,132,187,33,42,35,41,36
118005,2,16,2,4,6,3,1
118006,48,133,23,27,27,27,29
118007,156,189,34,41,36,41,37
118008,132,189,34,41,36,41,37
118009,42,110,19,18,24,23,26
118010,120,186,32,42,35,40,37
118011,78,168,30,37,33,33,35
118012,66,165,30,32,33,37,33
118015,2,11,2,4,4,1,0
118016,96,173,31,40,31,35,36
118017,66,154,30,33,30,30,31
118018,36,90,22,19,13,18,18
118019,2,11,1,3,4,2,1
119001,36,124,27,24,24,24,25
119002,132,188,32,42,36,41,37
119003,132,187,32,42,35,41,37
119004,108,184,32,41,33,41,37
119005,18,76,14,13,14,14,21
119006,12,45,9,9,10,9,8
119007,96,188,32,42,36,41,37
119008,36,123,26,22,20,25,30
119009,78,170,30,38,34,33,35
119010,10,45,11,9,10,7,8
119011,84,177,31,38,31,40,37
119012,108,184,32,42,33,40,37
119013,132,186,32,42,35,40,37
119014,96,187,32,42,35,41,37
119015,78,179,31,37,35,39,37
119016,84,169,30,38,31,34,36
119017,132,187,32,42,35,41,37
119018,96,176,31,39,31,38,37
119019,84,156,27,38,28,31,32
119020,60,133,26,24,28,27,28
119021,96,186,33,42,33,41,37
119022,2,13,3,5,3,2,0
119023,2,21,3,5,5,5,3
120009,180,189,34,42,35,41,37
120010,204,190,34,42,36,41,37
120011,36,108,22,19,17,21,29
120012,54,133,27,24,23,28,31
120013,12,46,6,9,10,11,10
120014,16,63,14,11,13,11,14
120015,42,120,24,25,21,23,27
120016,28,100,21,16,18,21,24
120017,48,136,27,23,24,28,34
120018,60,148,28,28,27,30,35
120020,84,181,31,38,35,41,36
120021,132,189,34,42,35,41,37
120022,20,47,9,6,8,11,13
120023,78,160,29,37,26,32,36
120024,108,172,28,37,34,37,36
120025,132,175,28,40,34,36,37
120026,18,74,13,14,14,14,19
120027,72,160,28,31,31,35,35
120028,108,183,31,42,33,40,37
120029,42,120,23,22,21,25,29
120030,72,156,27,34,32,29,34
120031,60,108,24,21,13,26,24
120032,66,151,29,27,29,30,36
120037,10,42,9,7,9,8,9
120038,72,161,30,36,29,32,34
120041,0,15,2,4,3,4,2
120042,48,128,25,24,24,24,31
120043,108,185,32,42,34,40,37
120044,96,169,30,40,27,35,37
120045,144,183,32,42,31,41,37
120046,96,186,32,41,35,41,37
120047,132,190,34,42,36,41,37
120048,28,130,25,26,21,28,30
120049,54,121,26,19,21,25,30
120050,72,170,29,37,31,36,37
120051,108,180,32,42,29,40,37
120052,32,114,22,21,22,26,23
120053,60,139,26,28,26,28,31
120056,78,137,24,26,26,27,34
120057,78,150,27,34,29,28,32
120058,108,164,28,39,30,32,35
120059,66,152,29,28,26,38,31
120061,8,37,6,7,9,8,7
120062,42,139,27,27,23,31,31
120063,6,26,3,5,6,6,6
120064,48,131,24,24,22,30,31
120065,72,155,29,30,29,34,33
120066,144,188,34,42,34,41,37
120067,66,159,29,33,31,34,32
120069,8,26,5,5,6,4,6
120070,78,142,26,26,25,33,32
120071,120,184,32,40,35,40,37
120072,132,181,31,40,35,39,36
120073,108,184,33,42,34,38,37
121001,10,51,11,9,8,10,13
121002,180,189,34,42,35,41,37
121003,180,190,34,42,36,41,37
121005,18,82,15,13,15,20,19
121006,6,27,5,6,7,5,4
121007,36,123,23,18,22,29,31
121009,20,76,12,13,13,17,21
121010,24,78,16,14,13,16,19
121011,10,41,8,8,7,10,8
121012,22,71,16,12,12,10,21
121013,2,14,2,4,4,3,1
121014,20,59,12,12,12,9,14
121015,20,64,15,12,12,10,15
121016,42,134,27,26,23,28,30
121017,12,50,12,8,11,9,10
121018,78,186,33,40,36,40,37
121019,144,190,34,42,36,41,37
121020,36,105,22,19,19,21,24
121022,14,49,11,7,12,9,10
121023,54,124,24,24,22,27,27
122001,36,123,24,24,26,25,24
122002,60,155,30,27,33,32,33
122003,20,76,18,16,12,13,17
122004,0,5,1,0,2,2,0
122005,60,152,29,29,29,34,31
122006,84,174,30,39,32,37,36
122007,120,176,30,39,33,37,37
122008,20,71,13,12,14,13,19
122010,96,164,30,37,33,29,35
122011,20,79,18,17,14,14,16
122012,48,111,24,25,15,22,25
122013,2,15,1,5,3,4,2
122015,78,150,25,27,30,37,31
122016,60,149,28,24,32,37,28
122017,24,72,16,12,15,13,16
123001,204,190,34,42,36,41,37
123002,84,173,29,38,31,38,37
123003,156,189,34,41,36,41,37
123004,204,190,34,42,36,41,37
123005,180,189,33,42,36,41,37
123006,54,159,31,34,33,29,32
123007,54,147,26,34,32,29,26
123008,144,183,34,41,34,38,36
123009,84,172,27,38,33,39,35
123010,96,184,34,38,35,40,37
123011,204,185,34,42,36,39,34
123012,156,188,34,42,36,39,37
123013,156,189,34,42,35,41,37
123014,120,186,32,42,35,40,37
123015,78,143,23,26,29,32,33
123016,204,190,34,42,36,41,37
123017,180,185,34,42,35,38,36
123018,156,190,34,42,36,41,37
123019,144,176,30,37,34,38,37
123020,180,190,34,42,36,41,37
123021,36,109,23,17,21,22,26
123022,180,190,34,42,36,41,37
123023,120,186,34,42,34,39,37
123024,180,190,34,42,36,41,37
123025,180,188,34,42,34,41,37
123026,144,190,34,42,36,41,37
123027,66,152,26,32,30,32,32
123028,180,190,34,42,36,41,37
123029,144,186,31,42,35,41,37
123030,204,190,34,42,36,41,37
123031,180,189,34,42,35,41,37
123032,120,184,32,42,35,38,37
123033,42,109,22,20,19,23,25
123034,42,107,22,20,18,23,24
123035,144,188,33,42,35,41,37
123036,156,189,34,42,36,40,37
123037,132,187,32,42,35,41,37
123038,132,184,32,42,35,38,37
123039,96,177,31,40,34,36,36
123040,36,120,22,22,22,25,29
123041,144,187,32,41,36,41,37
123042,72,151,26,29,30,31,35
123043,144,186,32,42,34,41,37
123044,204,190,34,42,36,41,37
123045,204,190,34,42,36,41,37
123046,66,151,26,30,30,29,36
123047,132,188,34,41,35,41,37
123048,72,154,26,30,31,31,36
123049,120,180,32,41,33,37,37
123050,132,186,32,42,35,40,37
123051,132,189,34,42,35,41,37
123052,66,150,26,28,30,30,36
123053,78,151,26,30,30,29,36
123054,144,187,32,42,35,41,37
123055,144,187,32,42,35,41,37
123056,120,186,32,42,35,40,37
123057,72,156,28,30,32,30,36
123058,132,189,34,42,35,41,37
123059,132,187,32,42,36,40,37
123060,144,189,34,42,35,41,37
123061,120,185,32,42,35,39,37
123062,144,187,32,42,35,41,37
123063,42,106,22,19,18,22,25
123064,144,189,34,42,35,41,37
123065,108,178,31,40,33,38,36
123066,228,190,34,42,36,41,37
123067,144,189,34,42,35,41,37
123068,108,183,32,42,34,39,36
123069,120,186,32,42,35,40,37
123070,144,190,34,42,36,41,37
123071,36,97,22,14,18,20,23
123072,36,117,22,17,24,25,29
123073,42,140,23,25,30,29,33
123074,144,185,32,42,35,39,37
123075,132,187,32,42,35,41,37
123076,108,183,32,41,34,40,36
123077,144,189,34,42,35,41,37
123078,120,186,32,42,35,40,37
123079,54,143,25,26,29,29,34
123080,96,172,31,37,32,36,36
125001,108,181,31,42,33,38,37
125002,48,120,25,20,23,26,26
125003,48,117,25,20,21,25,26
125004,54,131,24,26,23,31,27
125005,60,157,26,30,33,34,34
125006,54,136,29,24,28,30,25
125007,60,152,29,28,33,32,30
125008,60,142,28,29,23,29,33
125009,54,154,28,32,29,33,32
125010,60,148,29,29,30,29,31
125011,66,158,30,32,31,32,33
125012,60,123,24,22,23,27,27
125013,60,141,27,30,26,29,29
125014,60,135,26,29,26,26,28
125015,54,142,26,28,27,30,31
125016,66,162,29,35,30,35,33
125017,72,165,29,37,32,33,34
125018,54,142,30,25,32,28,27
125019,60,138,26,25,28,29,30
125020,84,165,29,36,30,34,36
125021,60,146,27,29,28,30,32
125022,60,124,25,19,20,27,33
125023,60,127,24,26,24,29,24
125024,60,162,31,31,34,33,33
125025,0,5,1,0,1,3,0
125026,28,89,18,16,14,18,23
125027,14,52,10,7,11,11,13
125028,72,168,30,32,33,39,34
125029,10,38,8,9,5,9,7
125030,18,56,12,8,13,8,15
125031,60,154,28,31,28,33,34
125032,78,172,30,42,32,34,34
125033,60,141,27,26,28,30,30
125034,72,161,29,36,30,33,33
125035,20,78,16,15,13,15,19
125036,14,49,10,9,9,11,10
125037,72,182,31,39,35,40,37
125038,22,76,17,12,14,15,18
125039,2,16,3,5,4,2,2
125040,32,104,23,19,17,21,24
125041,14,54,10,8,13,9,14
125043,10,32,6,5,9,6,6
125044,10,33,6,5,9,7,6
125045,28,74,16,12,13,15,18
125046,60,127,24,20,22,29,32
125047,60,158,30,31,33,34,30
125048,60,145,27,29,26,30,33
125049,14,65,13,10,13,10,19
125053,8,28,4,5,8,6,5
125055,24,78,18,10,14,15,21
125057,14,48,8,9,10,9,12
125058,4,15,3,3,4,3,2
125059,28,99,23,22,14,20,20
125060,28,103,25,19,14,21,24
125061,4,27,4,5,6,6,6
125062,2,12,1,3,3,3,2
126001,66,162,29,33,33,34,33
126002,132,188,33,42,35,41,37
126003,108,179,32,42,34,35,36
126004,84,177,32,40,34,36,35
126005,60,139,25,29,25,28,32
126006,108,184,31,42,34,40,37
126007,96,144,28,33,22,28,33
126008,54,128,24,26,24,23,31
126009,54,133,27,26,23,25,32
126010,72,164,29,32,33,35,35
126011,66,146,28,29,28,29,32
126012,72,170,31,35,33,36,35
126013,60,152,27,31,27,33,34
126014,66,153,29,30,31,31,32
126015,132,187,34,42,34,40,37
126016,54,146,28,27,30,29,32
126017,132,187,33,42,35,40,37
126018,72,163,28,32,34,34,35
126019,108,186,33,40,35,41,37
126020,24,73,17,13,8,16,19
127001,18,63,14,11,16,9,13
127002,132,187,34,41,34,41,37
127003,2,20,4,5,5,4,2
127004,78,175,30,40,34,34,37
127005,6,29,7,5,9,4,4
127006,36,132,26,25,23,26,32
127007,54,157,28,31,33,32,33
127008,14,75,15,14,13,15,18
127009,16,56,14,12,10,9,11
127010,12,37,8,7,8,6,8
127011,66,140,25,32,23,27,33
127012,20,70,13,12,12,15,18
127013,12,57,10,11,13,10,13
127014,42,131,26,24,20,29,32
127015,48,126,27,26,21,24,28
127016,66,160,29,32,31,33,35
127017,42,117,25,20,22,26,24
127018,4,18,3,4,5,4,2
127019,24,75,18,15,13,12,17
127020,32,109,24,21,19,23,22
127021,22,73,17,14,12,11,19
127022,84,177,31,41,34,35,36
127023,120,185,32,42,34,40,37
127024,54,139,27,30,21,30,31
127025,20,67,17,13,12,12,13
127026,6,19,1,4,7,3,4
127027,24,60,13,13,12,9,13
127028,42,134,25,26,25,30,28
127029,66,151,29,34,25,32,31
127030,10,38,7,6,9,9,7
127031,48,134,29,27,25,24,29
127032,42,133,26,22,27,29,29
127033,78,181,32,40,35,39,35
127034,132,190,34,42,36,41,37
127035,84,167,30,38,30,34,35
127036,10,41,10,6,9,8,8
127037,10,52,12,9,11,10,10
127038,24,85,17,16,16,16,20
127039,2,19,4,5,5,4,1
127040,14,67,14,14,12,12,15
127042,0,7,2,1,2,2,0
127141,6,24,3,5,5,5,6
128001,96,181,32,41,34,38,36
128002,132,186,32,42,35,41,36
128003,132,182,31,42,32,40,37
128004,96,184,32,41,33,41,37
128005,120,180,32,41,33,40,34
128006,132,190,34,42,36,41,37
128007,108,189,34,42,35,41,37
128008,72,178,31,37,35,40,35
128009,132,188,34,42,36,40,36
128010,108,176,32,41,32,36,35
128011,120,184,32,42,35,38,37
128013,54,169,29,34,35,36,35
128014,120,186,32,42,34,41,37
128019,84,183,34,40,32,41,36
128020,72,170,31,36,33,39,31
128021,78,171,30,38,35,33,35
128022,108,187,32,42,35,41,37
128023,132,188,33,42,35,41,37
128024,96,186,32,42,35,41,36
128025,120,185,31,42,35,40,37
129001,120,178,34,42,27,40,35
129002,84,170,30,39,35,33,33
129003,8,31,4,6,7,6,8
129004,36,95,22,18,17,19,19
129005,36,113,22,26,15,23,27
129006,84,171,30,40,34,32,35
129007,42,115,24,20,24,23,24
129008,36,113,23,21,17,26,26
129009,28,106,23,20,19,21,23
129010,54,126,25,26,19,26,30
129011,108,188,32,42,36,41,37
129012,84,171,30,39,32,33,37
129013,120,188,33,42,35,41,37
129014,36,112,23,21,24,19,25
129015,48,118,24,23,22,22,27
129016,78,157,29,34,31,29,34
129017,66,149,27,32,27,30,33
129018,24,75,19,13,14,12,17
129019,48,145,29,28,30,29,29
129020,16,47,11,8,10,10,8
129021,48,119,26,23,18,26,26
129022,78,173,28,41,32,36,36
129023,36,130,27,21,25,27,30
129024,36,117,24,17,19,26,31
129025,48,129,26,25,21,29,28
129026,22,93,21,17,16,20,19
129027,108,185,31,42,34,41,37
129028,36,94,20,14,15,21,24
129029,78,132,26,26,20,27,33
129030,132,190,34,42,36,41,37
130001,60,155,27,30,28,34,36
130002,96,183,30,40,35,41,37
130003,60,160,29,31,33,33,34
130004,60,141,25,30,25,29,32
130005,72,171,30,38,34,35,34
130006,72,162,31,34,30,33,34
130007,84,173,30,35,32,39,37
130008,72,173,31,37,34,36,35
130009,72,165,31,37,30,33,34
130010,72,157,27,35,33,30,32
130011,84,172,30,36,36,35,35
130012,84,177,30,39,35,38,35
130013,84,177,30,38,34,38,37
130014,84,169,30,36,35,32,36
130015,54,156,29,30,30,32,35
130016,84,178,31,41,34,38,34
130017,84,165,26,39,30,35,35
130018,96,186,32,40,36,41,37
130019,96,184,32,42,33,40,37
130020,96,182,31,41,35,38,37
130021,96,187,32,42,35,41,37
130022,108,165,31,41,34,41,18
130023,108,188,34,42,35,40,37
130024,108,186,33,41,34,41,37
130025,108,187,33,42,34,41,37
130026,120,189,34,42,35,41,37
130027,120,190,34,42,36,41,37
130028,144,188,34,42,35,41,36
130029,132,189,33,42,36,41,37
131001,2,6,1,1,3,1,0
131002,10,38,8,7,8,6,9
131003,0,11,1,3,3,3,1
131004,66,151,28,27,27,36,33
131005,54,114,22,22,17,24,29
131006,36,92,18,19,16,17,22
131007,10,36,6,6,9,8,7
131008,42,105,21,20,15,20,29
131009,36,119,25,22,18,23,31
131010,28,98,18,21,17,19,23
131011,4,28,4,5,8,6,5
131012,84,183,31,40,34,41,37
131013,12,56,13,10,11,8,14
131014,42,116,24,23,16,21,32
131015,84,169,30,36,31,37,35
131016,96,177,31,39,32,40,35
131017,78,165,28,37,31,32,37
131018,144,185,32,42,34,40,37
131019,108,176,28,40,33,38,37
131020,20,56,12,9,12,10,13
131021,20,63,15,12,13,10,13
131022,36,105,21,19,18,19,28
131023,14,58,11,11,14,9,13
131024,48,140,29,29,22,30,30
131025,16,60,14,9,13,9,15
131026,0,0,0,0,0,0,0
131027,10,44,10,7,11,9,7
131028,96,180,31,42,33,38,36
131029,66,166,30,38,31,33,34
131030,12,46,11,8,10,9,8
131031,10,45,11,7,10,9,8
131032,10,44,11,7,10,9,7
131033,204,190,34,42,36,41,37
131034,36,123,22,24,21,26,30
131035,2,14,2,5,4,2,1
131036,22,83,19,18,10,15,21
131037,0,7,1,1,3,2,0
131038,4,18,3,5,5,2,3
131040,96,177,31,40,32,38,36
131041,42,126,26,25,23,23,29
131042,48,133,27,26,24,25,31
131043,42,121,26,23,21,24,27
131044,10,42,10,7,9,9,7
131045,2,16,2,4,5,4,1
131046,108,183,32,41,34,39,37
131047,84,173,31,37,32,37,36
131048,14,60,15,10,11,12,12
131049,0,1,0,0,0,1,0
131050,4,15,1,5,4,3,2
131051,14,47,10,8,10,9,10
131052,14,51,11,10,11,9,10
131053,6,29,5,6,7,6,5
131054,4,15,0,5,2,4,4
131055,42,115,23,19,19,24,30
131056,96,180,32,42,30,41,35
131057,72,161,27,37,28,34,35
131058,42,126,27,25,20,24,30
131059,84,180,29,40,34,40,37
131060,12,42,10,6,9,9,8
132002,6,24,3,5,4,5,7
132003,120,173,31,42,29,35,36
132006,78,182,32,42,33,38,37
132007,48,160,27,31,31,36,35
132008,22,87,18,13,16,18,22
132010,108,189,34,42,35,41,37
132011,32,99,18,18,17,21,25
132012,10,43,9,8,10,8,8
132015,72,169,30,35,35,34,35
132016,144,189,34,42,35,41,37
132017,132,186,31,42,35,41,37
132018,96,185,32,41,35,41,36
132019,54,141,29,24,32,26,30
132021,84,174,33,40,33,37,31
132022,96,188,34,41,35,41,37
132023,54,127,28,26,23,25,25
132024,132,183,32,42,31,41,37
132025,108,184,32,41,34,40,37
132026,108,185,32,42,34,40,37
132027,48,127,26,23,20,30,28
132028,16,47,9,7,10,9,12
132029,108,186,34,41,35,40,36
132030,42,143,27,27,24,31,34
133001,78,155,29,36,26,35,29
133002,120,179,32,41,31,39,36
133003,84,175,31,40,34,35,35
133004,42,124,24,23,25,25,27
133005,66,158,30,33,31,30,34
133006,96,190,34,42,36,41,37
133007,132,190,34,42,36,41,37
133010,24,89,19,16,17,15,22
133011,120,177,28,42,32,38,37
133012,84,169,32,36,33,34,34
133013,54,126,25,22,20,28,31
133015,78,179,31,41,33,38,36
133016,48,143,27,26,30,31,29
133019,96,185,31,42,34,41,37
133020,96,186,32,42,34,41,37
133022,32,96,22,14,18,17,25
133023,8,29,4,5,7,6,7
133025,96,178,33,41,31,38,35
133026,72,155,30,30,28,32,35
133028,108,180,32,41,34,36,37
133029,96,182,32,41,35,38,36
133030,78,158,30,28,33,31,36
134001,144,185,33,42,33,41,36
134002,144,187,34,42,33,41,37
134003,96,180,33,41,31,38,37
134004,96,180,32,39,34,38,37
134005,96,167,27,38,31,34,37
134006,84,182,32,41,32,41,36
134007,72,156,28,29,32,33,34
134008,144,188,32,42,36,41,37
134009,132,186,32,42,34,41,37
134010,96,164,29,35,28,35,37
134011,96,175,29,41,33,38,34
134012,96,161,30,37,27,31,36
134013,96,175,31,41,30,36,37
134014,96,179,33,40,32,38,36
134016,72,160,29,33,32,31,35
134017,72,138,25,26,26,30,31
134018,72,158,30,34,30,31,33
134019,78,170,30,37,33,36,34
134020,144,188,34,42,34,41,37
134021,144,186,32,42,35,40,37
134022,66,158,30,31,29,36,32
134023,96,185,32,41,34,41,37
134024,96,169,30,33,33,37,36
134025,96,165,28,39,26,35,37
134026,84,172,31,37,32,36,36
134027,22,91,20,16,15,17,23
134028,22,58,9,8,10,15,16
134029,22,60,9,9,10,15,17
134030,20,82,14,16,15,17,20
134031,24,81,15,12,14,18,22
134032,12,61,12,11,12,11,15
134033,28,87,18,13,17,19,20
134034,96,175,32,41,32,38,32
134035,72,172,30,36,36,37,33
134036,24,94,20,16,17,21,20
134037,24,79,18,20,12,12,17
134039,108,179,34,38,32,40,35
134040,22,70,13,11,11,15,20
134041,32,92,18,17,15,22,20
134042,24,85,19,14,15,17,20
134043,14,65,11,10,14,14,16
134044,108,188,33,42,35,41,37
134046,32,77,18,13,15,15,16
134047,10,51,9,9,13,10,10
135001,96,185,32,42,34,41,36
135002,36,121,23,22,20,27,29
135003,120,177,32,42,32,37,34
135004,66,153,27,29,29,33,35
135005,14,57,13,7,13,13,11
135006,54,157,30,31,32,30,34
135007,54,156,30,30,31,31,34
135008,78,169,29,37,33,34,36
135009,66,142,29,31,24,30,28
135010,96,181,32,39,34,39,37
135012,72,144,25,31,25,30,33
135013,42,98,22,22,14,19,21
135014,6,26,5,7,6,4,4
135015,96,178,32,40,33,37,36
135016,228,190,34,42,36,41,37
135017,132,189,34,42,35,41,37
135018,228,190,34,42,36,41,37
135019,66,145,26,26,28,31,34
135020,144,186,31,42,36,40,37
135021,120,183,31,42,33,40,37
135022,10,26,5,5,4,7,5
135023,132,186,34,42,33,40,37
135024,120,185,32,42,34,41,36
135025,228,184,33,42,34,40,35
135026,84,167,30,35,32,37,33
135027,60,153,26,29,33,32,33
135028,32,106,22,18,22,20,24
135029,24,91,24,17,17,16,17
135030,4,22,3,5,5,5,4
136001,132,185,32,42,35,40,36
136002,6,24,4,5,5,6,4
136003,14,54,12,11,9,8,14
136004,132,188,33,42,35,41,37
136005,120,183,33,42,35,36,37
136006,60,157,29,30,31,33,34
136007,96,184,31,42,35,40,36
136008,8,30,5,6,6,6,7
136011,60,152,29,34,27,29,33
136012,2,7,1,3,3,0,0
136013,4,17,2,5,4,5,1
136014,12,54,12,12,10,10,10
136015,28,81,20,16,14,13,18
136016,28,82,20,16,15,13,18
136017,28,82,19,16,14,13,20
136019,24,64,14,13,13,9,15
136020,8,22,2,5,4,5,6
136021,6,22,4,6,3,4,5
136023,24,92,20,16,17,18,21
136024,6,27,3,5,7,6,6
136025,8,30,4,6,7,6,7
136030,16,64,14,11,14,11,14
137001,132,189,34,42,35,41,37
137002,108,190,34,42,36,41,37
137003,66,117,24,23,17,26,27
137004,36,90,20,17,17,20,16
137005,120,187,32,42,35,41,37
137006,84,187,33,41,35,41,37
137007,28,73,16,13,12,11,21
137008,48,131,25,23,26,28,29
137009,66,146,28,30,28,26,34
137010,36,103,24,19,20,18,22
137011,28,88,19,15,16,21,17
137012,54,132,26,27,19,28,32
137013,4,27,5,6,6,6,4
137014,12,61,13,11,13,11,13
137015,60,150,28,30,31,28,33
137016,0,11,0,3,4,4,0
137017,72,154,28,34,29,29,34
137018,48,119,24,22,21,25,27
137019,28,79,20,15,15,15,14
137020,96,166,31,39,30,30,36
137021,54,118,31,28,17,16,26
137022,16,52,11,10,12,8,11
137023,32,65,18,16,10,9,12
137024,4,23,4,5,6,4,4
137025,14,65,16,13,12,10,14
137026,66,165,31,33,32,36,33
137027,96,183,31,42,33,41,36
137028,72,160,29,37,29,33,32
137029,108,185,31,41,35,41,37
137030,78,181,31,39,35,40,36
137031,32,116,23,20,22,22,29
137032,84,173,30,36,34,37,36
137033,108,187,32,42,36,40,37
137034,48,147,29,28,31,31,28
137035,108,190,34,42,36,41,37
137036,66,168,30,38,34,32,34
137037,96,190,34,42,36,41,37
137038,72,185,31,41,35,41,37
137039,54,161,28,32,30,36,35
137040,72,147,29,36,26,27,29
137041,36,102,23,20,23,19,17
137042,10,51,13,7,14,10,7
137043,84,169,29,39,30,35,36
137044,18,77,15,13,14,16,19
137045,36,110,24,19,18,23,26
137046,18,73,16,16,13,14,14
137047,0,7,0,3,2,1,1
137051,66,144,28,28,26,34,28
137052,0,8,0,3,4,1,0
138001,144,189,34,42,36,40,37
138003,108,178,31,39,32,39,37
138004,84,170,31,37,32,35,35
138005,96,174,31,40,32,35,36
138006,228,189,34,42,35,41,37
138007,120,190,34,42,36,41,37
138008,78,154,29,32,30,31,32
138009,54,121,25,22,22,26,26
138010,144,190,34,42,36,41,37
138011,28,104,22,19,22,22,19
138012,144,174,32,42,28,37,35
138013,108,177,32,42,31,37,35
138014,2,18,3,3,6,4,2
138015,4,23,3,5,6,5,4
138016,120,178,31,40,32,38,37
138017,96,176,31,41,31,36,37
138018,12,45,8,8,9,8,12
138019,6,30,6,5,8,5,6
138020,12,42,7,6,13,9,7
138021,24,95,19,15,22,17,22
139001,8,39,6,6,11,8,8
139002,22,82,19,14,14,18,17
139003,48,151,29,29,30,31,32
139004,42,125,26,23,24,23,29
139005,18,64,13,10,15,11,15
139006,22,80,16,13,15,16,20
139007,16,64,12,10,13,12,17
139008,18,61,15,12,11,10,13
139009,48,125,24,23,22,27,29
139010,24,86,20,16,13,18,19
139011,6,20,2,5,5,5,3
139012,24,77,19,16,14,11,17
139013,42,117,25,25,15,22,30
139014,10,39,9,7,7,8,8
139015,42,120,28,24,18,23,27
139016,14,48,13,8,6,8,13
139017,10,40,8,6,10,8,8
139018,48,145,28,27,27,29,34
139019,32,124,25,21,22,27,29
139020,60,162,28,33,32,34,35
139021,48,131,27,26,21,29,28
139022,28,103,24,20,18,22,19
141001,14,67,16,17,11,9,14
141002,20,91,21,19,14,18,19
141003,16,83,19,18,13,16,17
141004,18,63,14,19,13,7,10
141005,14,74,17,18,14,11,14
141006,18,71,18,14,13,15,11
141007,22,93,21,19,15,19,19
141008,24,95,20,18,17,22,18
141009,20,91,19,20,15,19,18
141010,20,83,18,20,12,16,17
141011,22,97,20,19,15,22,21
141012,20,68,17,12,12,12,15
141013,24,103,21,22,20,21,19
141014,14,67,18,15,12,8,14
141015,18,99,20,20,18,22,19
141016,16,75,14,15,11,19,16
141017,16,96,19,19,18,22,18
141018,16,80,18,18,17,15,12
141019,14,82,18,17,12,19,16
141021,18,92,18,19,16,19,20
141022,22,104,22,22,18,21,21
141023,20,83,17,17,16,18,15
141024,22,104,22,22,20,22,18
141025,20,103,22,21,19,23,18
141026,28,110,23,22,20,23,22
141027,24,110,22,22,20,24,22
141028,32,109,23,22,20,23,21
141029,32,108,23,21,20,23,21
141030,28,90,19,18,16,20,17
141031,36,105,20,21,20,24,20
141032,36,113,24,22,21,23,23
141033,36,113,24,23,20,23,23
141034,42,111,23,22,20,23,23
141035,32,118,24,25,18,25,26
141036,42,115,24,22,20,27,22
141037,36,111,23,22,20,24,22
141038,42,101,21,20,19,23,18
141039,36,93,20,19,17,18,19
141040,42,104,22,22,18,23,19
141041,42,118,25,22,22,24,25
141042,42,118,25,24,22,23,24
141043,42,102,23,22,18,21,18
141044,54,120,24,23,23,26,24
141045,48,128,26,25,26,27,24
141046,54,115,23,22,20,27,23
141047,54,121,25,23,21,27,25
141048,48,127,26,28,22,26,25
141049,54,132,26,27,25,27,27
142001,22,84,16,18,15,12,23
142002,14,58,13,11,12,8,14
142003,22,103,21,20,20,20,22
142004,24,81,17,13,13,20,18
142005,24,87,18,15,15,21,18
142006,20,76,17,13,14,15,17
142007,10,42,10,7,8,10,7
142008,32,123,27,20,23,23,30
142009,0,5,0,2,1,2,0
142010,2,20,5,5,6,3,1
142011,8,28,4,6,6,6,6
142012,6,30,5,5,8,7,5
142013,32,89,22,17,15,15,20
142014,16,68,14,8,13,15,18
142015,16,66,14,12,12,12,16
142016,6,24,2,5,7,5,5
142017,32,109,23,22,23,18,23
142018,42,128,29,24,25,22,28
142019,6,31,7,6,7,6,5
142020,14,44,9,9,10,8,8
142021,16,75,17,12,14,13,19
142022,36,131,25,23,28,27,28
142023,60,159,29,30,32,35,33
142024,8,36,8,6,8,7,7
142025,20,81,15,15,16,18,17
142026,24,81,17,15,13,16,20
142027,4,9,1,3,1,2,2
142028,54,131,26,22,24,27,32
142029,36,82,18,14,18,15,17
142030,8,30,7,5,5,6,7
143001,132,190,34,42,36,41,37
143002,108,189,33,42,36,41,37
143003,48,140,27,27,25,31,30
143004,84,182,29,40,35,41,37
143005,84,178,30,39,35,38,36
143006,96,181,30,40,34,40,37
143007,72,160,29,35,31,33,32
143008,78,155,29,31,29,35,31
143009,60,140,27,26,25,31,31
143010,54,155,29,30,30,33,33
143011,32,110,23,20,21,26,20
143013,72,146,27,28,27,32,32
143017,60,159,29,32,32,34,32
143018,96,182,32,41,35,37,37
143019,144,188,33,42,35,41,37
143021,144,183,32,42,34,39,36
143022,132,187,34,42,34,40,37
143023,96,178,32,42,34,33,37
143024,32,88,20,16,16,17,19
143025,120,186,34,42,34,39,37
146001,0,11,2,3,3,3,0
146002,10,51,12,8,14,8,9
148001,84,144,27,30,31,30,26
148002,132,174,31,41,30,38,34
148003,66,126,27,26,14,27,32
148004,20,67,13,13,13,11,17
148005,54,144,28,30,27,30,29
148006,132,189,34,42,35,41,37
148007,108,182,33,40,32,40,37
148008,96,148,28,30,28,31,31
148009,144,180,31,42,33,39,35
148012,84,169,29,39,30,35,36
148013,84,166,31,33,34,34,34
148015,144,186,34,42,35,38,37
148016,48,116,23,18,19,25,31
148017,60,149,29,31,31,30,28
148018,28,91,21,19,17,18,16
148019,72,149,28,31,27,30,33
148020,14,56,12,11,11,9,13
148021,48,129,26,29,23,25,26
148022,108,155,28,37,27,29,34
148023,84,172,29,35,34,39,35
148024,42,117,24,22,19,26,26
148025,96,176,31,40,34,36,35
148026,78,159,29,31,30,35,34
148027,132,187,34,42,34,40,37
148028,60,141,27,25,29,26,34
148029,72,142,28,23,28,31,32
148030,84,161,27,32,31,36,35
148031,108,174,31,41,29,37,36
148032,20,73,17,13,16,16,11
151001,180,190,34,42,36,41,37
151002,120,188,34,42,34,41,37
151003,108,187,34,41,35,40,37
151004,156,189,34,42,36,40,37
151005,48,126,27,23,23,27,26
151006,36,92,19,19,13,16,25
151007,48,122,26,23,21,26,26
151008,78,147,25,33,28,28,33
151009,108,187,31,42,36,41,37
151010,42,83,18,21,9,17,18
151011,42,110,22,23,13,23,29
151012,84,148,31,35,27,23,32
151013,132,186,33,42,35,39,37
151014,36,93,21,20,13,18,21
151015,108,190,34,42,36,41,37
151016,78,126,26,27,15,25,33
151017,36,120,26,24,16,24,30
151018,144,190,34,42,36,41,37
151019,120,188,32,42,36,41,37
151020,132,190,34,42,36,41,37
151021,108,187,32,42,35,41,37
151022,132,184,31,42,33,41,37
151023,120,189,34,41,36,41,37
151024,132,189,33,42,36,41,37
151025,120,190,34,42,36,41,37
151026,120,189,34,42,35,41,37
151027,60,140,26,28,22,30,34
151028,66,141,27,28,26,27,33
151029,48,133,24,26,23,27,33
151030,66,134,27,31,23,26,27
151031,96,189,33,42,36,41,37
151032,96,170,32,36,31,36,35
151033,120,188,33,42,35,41,37
151034,120,188,33,42,35,41,37
151035,54,125,26,24,26,22,27
151036,96,185,32,40,35,41,37
151037,96,186,34,40,35,40,37
151038,108,185,32,41,34,41,37
151039,120,189,34,42,35,41,37
151040,132,190,34,42,36,41,37
151041,36,137,28,28,26,25,30
151042,84,153,28,36,29,29,31
151043,84,162,29,38,30,30,35
151044,84,161,30,39,26,32,34
151045,36,83,19,18,12,14,20
151046,96,180,33,38,35,37,37
151047,96,167,30,38,34,31,34
151048,120,188,34,42,36,39,37
151049,96,177,34,41,31,36,35
151050,24,57,16,16,12,1,12
151051,108,168,32,41,29,32,34
151052,84,163,31,36,30,33,33
151053,84,167,30,38,32,34,33
151054,108,170,32,40,30,34,34
151055,120,182,34,42,31,39,36
151056,96,126,25,27,23,26,25
151057,84,161,29,37,30,33,32
151058,84,166,29,39,31,34,33
151059,84,164,30,41,30,31,32
151060,96,179,31,42,33,37,36
154001,228,187,34,42,33,41,37
154002,32,107,22,20,18,19,28
154003,10,37,10,6,7,7,7
154004,228,188,34,40,36,41,37
154005,84,170,30,34,33,39,34
154006,10,49,9,13,8,9,10
154007,228,190,34,42,36,41,37
154008,228,188,34,41,35,41,37
154009,42,120,21,20,22,25,32
154010,120,186,34,39,35,41,37
154011,228,189,34,42,36,41,36
154012,228,190,34,42,36,41,37
154013,228,189,33,42,36,41,37
154014,228,190,34,42,36,41,37
154015,228,190,34,42,36,41,37
154016,228,189,34,42,36,40,37
154017,144,179,32,39,34,37,37
154018,120,181,30,41,35,38,37
154019,228,190,34,42,36,41,37
154020,228,184,34,42,31,41,36
154021,132,188,34,42,35,40,37
154022,132,166,34,38,28,32,34
154023,228,189,34,42,36,40,37
154024,84,184,32,40,34,41,37
154025,144,181,31,41,35,37,37
154026,228,190,34,42,36,41,37
154027,228,190,34,42,36,41,37
154028,108,180,31,41,31,40,37
154029,108,182,34,41,30,40,37
154030,132,175,31,37,31,39,37
154031,36,107,22,16,16,27,26
154032,12,47,10,7,9,9,12
154033,8,25,2,5,4,7,7
154035,20,54,10,11,11,9,13
154036,60,109,24,21,15,24,25
154037,72,131,23,24,25,30,29
154038,84,139,23,26,30,30,30
154039,144,179,31,42,31,38,37
154040,84,176,32,38,29,40,37
154041,66,151,28,33,28,27,35
154042,42,107,22,18,19,22,26
154043,28,75,16,17,11,15,16
154044,144,179,32,36,35,41,35
154045,132,186,32,42,34,41,37
154046,108,172,32,39,27,38,36
154047,120,185,32,42,34,41,36
154048,144,182,33,40,32,40,37
154049,78,160,30,33,28,33,36
154050,60,150,27,28,28,33,34
154051,6,22,3,5,3,6,5
154052,54,163,30,35,29,35,34
154054,8,21,2,5,5,4,5
154055,66,121,22,20,22,30,27
154056,108,187,32,42,35,41,37
154057,132,185,32,42,36,39,36
154058,120,182,32,41,34,39,36
154059,78,150,27,30,27,32,34
154060,120,175,32,41,30,35,37
154061,72,157,27,32,26,35,37
154062,14,49,11,5,12,9,12
154063,84,167,29,37,30,36,35
154064,48,134,26,24,23,30,31
154065,0,4,0,0,2,2,0
154066,0,5,0,2,1,2,0
154067,84,162,29,31,29,37,36
154068,144,181,32,42,33,39,35
154069,132,169,30,35,32,35,37
154070,132,167,29,36,29,37,36
154071,144,184,32,42,35,40,35
154072,78,157,29,32,31,31,34
154073,48,130,26,25,22,27,30
154074,28,109,22,16,17,29,25
154075,18,50,10,7,9,10,14
154076,132,185,34,41,33,40,37
154077,108,165,28,32,30,39,36
154078,84,158,29,30,30,34,35
154079,132,180,32,39,31,41,37
154080,120,175,31,35,32,41,36
154081,108,169,29,32,33,39,36
201003,66,157,29,35,31,29,33
201004,66,151,25,27,30,32,37
201005,60,134,24,24,27,29,30
201006,60,146,25,29,28,30,34
201007,72,148,26,27,32,29,34
201008,72,163,29,39,29,30,36
201009,72,172,31,34,32,38,37
201010,72,171,31,34,32,38,36
201011,66,148,28,26,30,30,34
201012,72,159,30,32,33,32,32
201013,66,154,29,33,30,28,34
201014,72,168,31,41,33,30,33
201015,66,162,31,33,32,32,34
201016,78,158,28,31,31,34,34
201020,54,136,27,25,26,31,27
201022,66,143,26,31,26,28,32
201030,72,185,32,39,36,41,37
201031,72,154,29,30,33,30,32
201033,66,144,28,32,27,27,30
201034,60,153,28,26,33,32,34
201040,66,163,28,34,33,34,34
201041,60,155,29,30,34,32,30
201043,54,143,29,28,27,31,28
201047,66,155,27,29,33,33,33
201050,72,173,30,39,31,37,36
201052,42,116,24,19,17,26,30
201053,66,147,31,23,28,34,31
201054,66,156,27,34,31,34,30
201056,54,163,29,30,36,35,33
202001,132,185,31,42,34,41,37
202002,108,181,32,40,33,39,37
202003,48,102,22,21,19,19,21
202004,108,171,34,36,32,36,33
202005,66,163,31,38,36,32,26
202006,54,142,27,27,32,27,29
202007,4,26,4,10,7,4,1
202008,96,181,32,42,31,40,36
202009,42,124,26,23,25,27,23
202010,4,22,4,5,7,4,2
202011,8,32,11,6,10,0,5
202012,144,178,32,40,31,40,35
202013,22,79,17,12,15,16,19
202014,42,75,18,18,7,12,20
202015,78,149,28,36,27,27,31
202016,10,41,8,7,10,8,8
202017,120,175,33,40,27,38,37
202018,48,100,18,18,14,23,27
202019,8,27,6,3,5,6,7
202020,6,28,5,5,8,7,3
202021,54,137,24,24,30,29,30
202022,28,73,17,12,13,12,19
202023,8,26,3,5,4,7,7
202024,24,108,22,21,21,23,21
202025,4,30,5,6,9,5,5
202026,42,135,25,25,28,29,28
202027,78,165,29,37,31,35,33
202028,42,124,25,24,25,23,27
202029,60,150,28,34,20,32,36
202030,2,12,2,4,2,2,2
202031,60,164,30,31,31,40,32
202032,42,129,26,25,25,26,27
202033,4,23,3,6,5,4,5
202034,6,23,4,5,6,5,3
202035,28,86,18,14,16,16,22
202036,20,74,15,14,14,17,14
202037,42,153,27,29,33,32,32
202038,42,154,28,29,30,34,33
202039,78,182,31,37,36,41,37
202040,6,25,3,4,8,4,6
202041,18,74,14,13,15,15,17
202042,42,140,27,27,28,26,32
202043,32,119,24,21,27,20,27
202044,36,126,27,21,22,26,30
202045,20,79,21,14,14,13,17
202046,16,63,12,12,12,10,17
202047,48,133,27,27,26,23,30
202048,96,179,31,40,35,39,34
202049,42,131,23,27,33,23,25
202050,96,178,34,38,31,38,37
202051,96,180,32,38,34,40,36
202052,78,175,31,39,34,35,36
202053,2,13,1,5,5,0,2
202054,6,29,3,5,9,6,6
202055,32,126,26,24,25,23,28
202056,54,147,27,28,26,33,33
202057,18,78,16,16,14,14,18
202058,48,125,26,25,22,25,27
202059,18,49,12,7,10,8,12
202060,48,110,24,20,19,21,26
202061,48,123,25,21,20,24,33
202062,42,134,23,21,28,32,30
202063,20,65,11,12,13,11,18
202064,0,4,1,1,1,1,0
202065,14,46,8,7,12,8,11
202066,42,111,24,18,20,23,26
202067,54,148,29,29,31,31,28
202068,28,63,10,18,18,10,7
202069,24,81,16,15,17,16,17
202070,6,35,9,6,8,6,6
202071,54,152,26,25,32,35,34
202072,8,41,12,7,9,6,7
202073,72,165,30,34,31,34,36
202074,18,68,15,10,13,12,18
202075,8,37,8,6,11,6,6
202076,120,186,33,42,33,41,37
202077,96,133,29,30,17,25,32
202078,12,36,4,5,7,9,11
202079,24,45,5,6,10,11,13
202080,36,73,15,11,13,15,19
202081,24,37,4,4,6,8,15
202082,108,165,28,38,29,35,35
202083,132,175,30,40,30,39,36
202085,132,168,28,41,28,37,34
202086,12,34,5,5,7,7,10
202087,42,80,19,14,11,14,22
202088,48,107,20,18,17,24,28
202089,78,142,28,35,22,27,30
202090,72,149,29,29,29,28,34
202091,96,180,32,39,34,39,36
202092,42,116,24,20,26,22,24
202093,60,126,24,23,20,26,33
202094,120,183,30,42,33,41,37
202095,28,59,12,11,11,11,14
202096,96,177,27,42,31,40,37
202097,84,168,26,35,31,39,37
202098,108,186,31,42,35,41,37
202099,144,188,34,42,34,41,37
202100,0,4,1,0,1,2,0
202101,48,141,25,26,29,28,33
202102,0,6,1,0,3,2,0
202103,66,180,33,40,33,39,35
202104,16,48,9,8,10,9,12
202105,24,79,18,15,12,14,20
202106,60,151,28,34,27,31,31
202107,144,189,34,42,35,41,37
202108,8,29,4,5,5,8,7
202109,132,188,34,41,36,41,36
202110,132,189,34,42,35,41,37
206001,42,85,16,15,10,19,25
206002,66,130,23,22,28,27,30
206003,78,145,27,30,22,33,33
206004,22,56,15,10,8,8,15
206005,84,167,30,35,32,35,35
206006,84,117,28,24,21,19,25
206008,84,156,31,33,27,32,33
206010,84,172,29,41,33,33,36
206015,72,162,30,36,25,34,37
206017,84,184,32,41,34,40,37
206019,78,172,30,37,31,37,37
206020,78,169,29,38,33,36,33
206024,84,159,23,37,29,34,36
207001,72,150,27,31,30,29,33
207002,60,137,25,25,27,26,34
207003,10,45,8,7,9,12,9
207004,96,179,31,41,35,36,36
207005,8,24,3,5,4,6,6
207006,20,67,13,13,12,14,15
207007,84,141,27,27,23,28,36
207008,10,41,10,9,8,6,8
207009,120,180,32,41,29,41,37
207010,48,123,26,26,17,25,29
207011,20,72,14,13,14,15,16
207012,48,104,20,19,21,22,22
207013,24,95,22,16,17,23,17
207014,8,25,2,5,7,5,6
207015,24,105,23,17,17,21,27
207016,12,53,12,9,11,8,13
207017,120,170,29,38,30,36,37
207018,96,179,31,39,35,38,36
207019,6,25,3,5,7,5,5
207020,32,99,20,19,17,23,20
207021,60,143,27,27,26,31,32
207022,8,37,6,6,8,7,10
207023,36,99,21,16,17,21,24
207024,84,154,27,32,32,27,36
207025,18,56,13,13,9,11,10
208001,54,112,11,16,18,30,37
208002,48,133,27,20,26,30,30
208003,54,180,31,39,35,41,34
208004,48,115,19,24,23,23,26
208005,48,144,25,23,32,33,31
208006,66,180,31,35,36,41,37
208007,60,135,24,23,29,28,31
208008,54,143,25,23,33,32,30
208009,54,151,29,29,28,29,36
208117,66,180,31,40,36,39,34
208118,66,139,26,26,27,29,31
211002,60,149,24,27,31,35,32
211003,120,185,33,40,35,40,37
211004,144,188,34,41,35,41,37
211005,108,188,33,41,36,41,37
211006,54,122,21,20,23,27,31
211007,42,103,19,17,20,22,25
211008,144,185,33,42,32,41,37
211009,84,158,29,38,26,31,34
211012,24,76,18,13,13,15,17
211014,28,117,24,21,23,26,23
211015,16,67,15,10,15,13,14
211016,78,180,31,38,36,38,37
211017,60,157,28,31,29,35,34
211018,28,111,22,18,19,26,26
211020,108,184,32,41,36,38,37
211021,72,166,28,27,36,38,37
211022,156,180,31,42,33,40,34
211023,108,180,29,42,33,40,36
211024,66,173,29,36,33,39,36
213001,32,113,23,18,25,23,24
213002,54,113,25,23,19,23,23
213003,72,96,16,15,25,22,18
215001,84,176,31,37,33,38,37
215002,48,147,28,28,28,31,32
215003,18,61,15,13,11,8,14
215004,84,171,30,37,31,36,37
215005,120,183,32,40,34,40,37
215006,2,20,3,4,6,4,3
215007,24,74,11,12,16,18,17
215008,4,8,1,1,2,2,2
215009,18,71,15,13,13,13,17
215010,24,93,21,20,15,17,20
216001,84,185,32,41,34,41,37
216002,132,186,32,42,34,41,37
216003,144,187,33,42,34,41,37
216004,48,140,27,25,23,31,34
216005,96,179,31,39,33,39,37
216006,66,148,26,28,28,33,33
216007,36,109,26,23,17,19,24
216008,108,183,32,41,33,40,37
216009,84,180,31,40,33,39,37
216011,132,189,34,42,35,41,37
216012,120,177,32,42,29,37,37
216013,132,180,32,42,30,39,37
216014,8,33,8,6,6,7,6
216015,42,107,19,17,19,24,28
216016,96,183,32,42,32,41,36
216017,84,172,30,38,32,36,36
216018,48,141,26,23,27,31,34
216019,18,87,16,16,16,19,20
218001,16,65,11,10,12,14,18
218003,60,157,28,31,31,36,31
218004,48,124,28,23,23,25,25
218005,84,169,29,36,34,35,35
218006,4,25,4,5,6,5,5
218007,24,103,22,23,16,18,24
218008,6,18,3,5,3,4,3
218009,72,154,29,26,31,35,33
218010,20,73,14,14,17,17,11
218011,10,36,6,5,9,7,9
218012,24,97,18,17,17,22,23
218013,8,42,8,8,11,7,8
218014,8,34,8,5,8,6,7
218015,18,92,16,17,19,20,20
218016,6,32,6,6,9,6,5
218017,12,54,9,8,14,9,14
218018,14,65,12,11,13,17,12
218019,20,69,13,13,13,12,18
218020,4,17,3,6,0,4,4
218021,12,51,9,8,9,10,15
218022,4,21,3,5,4,5,4
218023,6,21,1,5,6,5,4
218024,6,22,1,5,6,5,5
218025,4,19,2,4,4,5,4
218026,18,77,14,14,12,17,20
218027,4,17,2,4,5,4,2
218028,18,73,16,13,14,12,18
218030,10,35,7,5,8,7,8
218031,10,42,9,7,10,8,8
218032,18,79,11,16,16,13,23
218033,4,17,2,4,5,2,4
218034,16,56,12,9,11,11,13
218035,16,55,12,9,11,10,13
218036,12,60,11,10,13,13,13
218037,12,56,11,10,13,10,12
219001,78,152,29,35,24,30,34
219002,108,180,31,42,30,40,37
219003,60,154,26,33,25,34,36
219004,84,170,28,37,30,38,37
219005,84,175,27,39,32,40,37
219006,96,180,30,41,31,41,37
219007,72,190,34,42,36,41,37
219008,120,187,34,41,36,39,37
219009,96,174,30,39,33,38,34
219010,66,161,29,31,33,31,37
220001,108,182,31,42,35,37,37
220002,78,170,31,36,34,36,33
220003,42,124,27,25,19,24,29
220004,24,75,20,13,12,15,15
220005,132,182,32,42,32,39,37
220006,22,66,14,14,9,14,15
220007,54,124,24,24,24,25,27
220008,108,188,34,42,34,41,37
220009,84,114,25,20,18,21,30
220010,66,141,25,31,21,32,32
220011,66,153,27,30,29,34,33
220012,60,131,26,27,21,25,32
220013,66,153,29,31,28,33,32
220015,60,146,24,29,25,35,33
220016,48,129,28,23,26,27,25
220017,66,157,30,33,30,33,31
220018,78,174,31,39,31,37,36
220019,96,178,30,39,34,38,37
220020,78,162,29,34,32,35,32
220021,24,100,18,19,13,22,28
220022,24,89,17,13,11,20,28
220023,54,149,28,26,30,33,32
220024,78,180,32,39,36,36,37
220025,108,188,32,42,36,41,37
220026,4,14,2,4,4,4,0
220027,6,30,4,7,7,6,6
220028,96,174,32,41,28,37,36
220029,14,47,7,8,9,9,14
220030,132,179,32,41,31,38,37
220031,144,179,29,41,34,39,36
220032,120,179,31,40,33,38,37
220033,48,151,29,36,22,31,33
220034,132,173,31,41,27,40,34
220035,144,189,33,42,36,41,37
220036,120,188,32,42,36,41,37
220037,72,171,30,34,35,37,35
220038,20,89,17,13,19,19,21
220039,12,74,17,15,12,12,18
220040,28,128,23,20,27,27,31
220041,32,87,21,18,12,15,21
220042,8,26,6,5,4,5,6
220043,28,88,19,16,10,19,24
220044,72,158,30,33,27,35,33
221001,36,96,22,17,13,20,24
221002,18,44,9,7,6,9,13
221003,18,55,12,11,12,8,12
221004,28,91,22,18,15,20,16
221005,72,172,31,40,31,35,35
221006,72,149,27,30,27,31,34
221007,32,102,18,16,20,21,27
221008,72,170,31,34,33,35,37
221009,72,157,26,35,31,33,32
221010,12,58,13,12,12,10,11
221011,22,79,19,14,14,12,20
221012,66,144,27,30,24,30,33
221013,12,53,10,8,10,11,14
221014,4,22,3,5,6,4,4
221015,2,16,3,5,4,4,0
223001,42,106,23,21,16,21,25
223002,24,85,19,15,11,21,19
223003,6,17,2,5,3,2,5
223004,72,167,30,38,29,36,34
223005,96,182,32,41,34,38,37
223006,36,133,25,25,29,24,30
223007,24,80,17,16,15,13,19
223008,96,159,29,36,24,33,37
223009,108,179,30,40,33,39,37
223010,28,65,14,12,9,11,19
224001,96,178,30,40,35,36,37
224002,78,167,30,36,33,33,35
224003,66,147,28,29,28,27,35
224004,32,97,20,17,18,20,22
224005,96,184,31,41,35,41,36
224006,72,168,30,35,34,35,34
224007,48,140,28,29,24,28,31
224008,28,107,21,17,24,24,21
224009,72,162,30,32,32,34,34
224010,96,180,31,39,35,38,37
224011,36,122,26,22,20,25,29
224012,36,109,24,19,18,23,25
224013,60,149,25,28,31,31,34
224014,60,129,24,26,28,24,27
224015,48,118,24,23,23,23,25
224016,42,114,21,23,20,25,25
224017,60,125,22,22,26,27,28
224018,48,93,20,17,15,19,22
224019,72,154,27,31,29,32,35
224020,66,160,28,33,31,33,35
224021,14,44,11,8,9,7,9
227001,4,16,1,5,2,4,4
227002,32,80,20,15,13,15,17
227003,66,144,27,33,23,30,31
227004,4,14,1,1,3,5,4
227005,6,32,5,7,6,8,6
227006,18,73,18,12,12,15,16
227007,28,84,17,14,15,18,20
227008,0,5,0,2,2,1,0
227009,20,73,17,14,13,10,19
227010,28,83,18,15,12,17,21
227011,6,23,3,6,5,4,5
227012,28,83,18,15,15,17,18
227013,16,71,15,13,11,13,19
227014,24,82,15,15,15,17,20
227015,4,15,1,5,1,4,4
227016,6,36,8,7,8,7,6
227017,22,90,19,14,16,19,22
227018,32,78,19,14,12,16,17
227019,0,2,0,1,1,0,0
227020,18,79,15,13,14,16,21
227021,10,49,11,8,12,10,8
227022,12,57,12,9,13,9,14
228001,8,28,6,5,5,6,6
228003,28,114,24,23,20,24,23
228004,24,90,20,16,13,18,23
228005,12,56,11,10,12,9,14
229001,10,37,8,6,9,7,7
229002,12,45,9,8,12,8,8
229003,14,44,8,7,12,8,9
229004,6,21,2,5,5,5,4
229005,12,48,10,7,12,8,11
229006,18,65,17,13,13,9,13
229007,0,3,0,0,1,2,0
229008,8,32,4,6,10,6,6
302001,96,190,34,42,36,41,37
302002,108,190,34,42,36,41,37
302004,22,69,13,9,14,13,20
302005,78,184,34,42,30,41,37
302006,84,189,34,42,35,41,37
302007,120,185,34,42,32,40,37
302008,96,169,29,41,28,34,37
302009,78,166,30,38,26,37,35
302010,204,190,34,42,36,41,37
302011,144,187,33,42,35,40,37
501001,60,110,21,22,18,25,24
501002,48,91,17,21,15,18,20
501003,84,157,30,39,23,32,33
501005,60,93,22,20,13,20,18
501006,48,86,20,19,13,17,17
501008,48,82,19,15,10,18,20
501009,144,185,34,42,34,39,36
501010,48,102,22,21,16,21,22
501011,72,87,20,22,13,13,19
501013,72,140,29,35,17,31,28
501014,72,140,29,33,27,24,27
501018,108,181,32,42,34,38,35
501019,72,133,24,31,17,31,30
501020,60,134,24,30,25,25,30
501021,72,149,26,33,26,30,34
501022,32,57,9,12,11,11,14
501023,60,134,27,25,24,24,34
501025,78,150,28,29,28,31,34
501026,120,173,32,42,29,35,35
501027,108,169,31,42,28,32,36
501029,60,103,20,26,8,25,24
501031,108,130,25,30,19,26,30
501032,48,123,24,24,22,24,29
503001,66,127,25,21,28,28,25
503007,66,81,15,13,14,18,21
505001,28,47,10,7,11,8,11
505002,28,50,12,10,12,8,8
505003,36,50,7,9,7,12,15
505004,24,66,13,14,14,10,15
505005,60,89,19,17,14,16,23
505008,42,93,19,15,19,23,17
505013,48,111,20,16,22,25,28
505015,180,159,31,36,24,36,32
505016,66,116,20,22,25,23,26
505021,144,158,27,40,25,31,35
505023,36,37,7,8,12,8,2
505024,42,96,23,20,20,15,18
505025,36,36,3,4,4,9,16
505030,32,63,10,10,9,15,19
505032,144,155,31,42,28,28,26
505033,144,120,21,28,17,28,26
505035,48,110,20,20,22,22,26
505036,54,93,17,17,12,22,25
505037,54,79,17,11,8,19,24
505038,42,81,15,10,15,18,23
505039,42,64,8,9,13,15,19
505040,60,111,19,16,24,25,27
506001,54,35,7,6,13,5,4
506003,78,124,25,24,22,26,27
506004,96,167,28,35,31,40,33
506005,72,134,27,25,29,23,30
506008,120,179,33,38,33,38,37
506009,84,132,24,25,22,29,32
506011,36,82,18,13,16,18,17
506014,54,93,21,14,15,20,23
506015,72,79,16,10,11,21,21
506016,42,90,16,16,12,21,25
506022,78,91,25,20,13,13,20
507002,66,122,25,27,15,28,27
507005,54,131,22,29,20,28,32
507006,66,108,24,28,14,21,21
508001,60,103,23,21,15,23,21
508002,60,110,22,21,18,23,26
508005,180,181,32,42,32,38,37
508007,204,171,33,41,26,35,36
508008,42,116,22,25,13,27,29
508009,72,95,21,16,12,21,25
508010,72,79,17,12,12,19,19
508011,66,92,19,21,13,22,17
508013,54,71,17,13,12,12,17
508014,120,118,23,33,14,24,24
508015,42,53,12,8,7,13,13
508016,108,144,24,36,26,27,31
508017,156,175,33,40,29,36,37
508019,36,50,14,6,9,10,11
508021,36,53,12,10,11,10,10
508022,42,50,13,8,11,8,10
508023,84,107,23,24,17,19,24
508024,84,116,25,23,18,24,26
508025,84,113,23,22,17,24,27
508026,120,180,30,40,35,38,37
508027,54,72,15,13,13,13,18
508028,84,131,25,22,36,23,25
508029,156,178,29,40,34,38,37
508030,132,113,23,24,16,19,31
508031,60,72,15,12,13,14,18
508032,54,64,15,11,10,14,14
508033,42,55,13,9,8,12,13
508034,84,128,22,31,21,26,28
510001,96,128,22,32,19,25,30
510004,72,108,19,22,16,24,27
510005,108,148,27,25,28,33,35
510007,132,167,31,36,31,34,35
510008,120,168,29,36,32,35,36
510009,156,177,32,38,31,39,37
510010,132,126,23,26,23,28,26
510014,132,153,29,38,21,29,36
510016,180,180,30,39,34,40,37
517001,78,128,24,22,21,29,32
517003,54,35,6,6,3,6,14
517004,108,184,32,40,35,40,37
517005,132,165,28,31,32,37,37
517007,156,180,33,42,29,39,37
517009,120,165,25,36,32,35,37
517010,180,181,33,42,30,39,37
517011,84,151,26,28,28,34,35
517012,96,158,28,32,30,32,36
517013,60,126,21,23,23,26,33
517017,84,142,26,24,28,29,35
517018,42,93,20,14,19,18,22
517020,78,161,27,36,29,33,36
517021,120,181,31,42,32,39,37
517022,156,187,34,42,35,39,37
517023,66,156,29,35,25,31,36
517024,156,175,30,37,33,38,37
517026,84,166,28,39,25,37,37
517028,66,125,22,22,23,26,32
526003,48,79,20,17,21,14,7
526005,60,85,15,16,13,22,19
527001,36,46,10,7,13,5,11
527002,120,110,23,38,28,13,8
527004,108,113,22,30,22,18,21
527005,24,50,12,9,12,8,9
529001,72,130,25,32,8,28,37
529008,96,176,31,41,30,37,37
529015,96,167,31,35,30,34,37
529018,204,190,34,42,36,41,37
529020,204,190,34,42,36,41,37
529021,204,190,34,42,36,41,37
529022,144,186,34,40,35,40,37
529023,144,182,34,40,34,37,37
529024,204,190,34,42,36,41,37
529025,72,148,31,33,19,28,37
529026,66,145,31,32,18,27,37
529029,66,81,13,12,13,19,24
600001,144,152,21,30,30,34,37
600003,156,164,26,37,30,34,37
600006,96,135,22,28,20,29,36
600007,120,146,24,36,22,28,36
600008,120,147,25,36,24,26,36
600009,108,139,23,35,18,26,37
600010,108,132,22,33,16,27,34
601002,180,151,27,36,22,34,32
601007,180,131,26,32,20,28,25
601011,204,182,34,41,36,38,33
602001,120,157,32,40,20,30,35
602002,60,108,21,23,20,23,21
602003,66,108,26,25,15,22,20
602004,66,121,27,27,14,25,28
602005,84,117,26,28,12,24,27
602006,78,117,26,26,22,22,21
602007,72,118,24,23,15,27,29
602008,78,92,23,22,18,13,16
605002,96,94,23,21,18,19,13
605003,96,131,18,24,22,34,33
607004,78,144,26,41,16,27,34
607005,60,117,22,24,10,31,30
607006,180,137,18,33,16,33,37
608001,42,126,23,23,25,27,28
608002,48,109,22,22,17,21,27
608003,54,139,24,30,23,29,33
608004,78,150,26,33,24,34,33
608005,36,132,23,22,28,30,29
608006,28,52,10,8,11,9,14
608007,60,147,29,29,28,29,32
608008,144,157,26,33,23,39,36
608009,42,126,23,24,20,29,30
608010,42,122,21,20,25,27,29
608011,66,145,28,27,28,33,29
608012,78,145,28,27,22,34,34
608013,32,87,13,12,19,20,23
608014,66,149,29,32,27,27,34
609003,54,108,24,19,25,18,22
611007,78,152,29,28,27,36,32
612001,60,164,31,34,33,32,34
612002,54,143,28,26,27,29,33
612003,36,92,19,12,14,19,28
612004,24,84,19,13,15,15,22
612005,28,82,17,14,15,15,21
612006,28,97,22,18,17,20,20
612007,120,133,29,25,23,30,26
612008,108,166,30,39,29,32,36
612009,24,40,8,10,5,6,11
612010,28,63,9,10,12,11,21
612012,96,166,29,37,31,34,35
612013,108,162,29,37,27,33,36
612014,120,171,29,38,32,37,35
612017,78,140,26,34,20,29,31
701001,84,163,32,39,29,31,32
701004,144,125,23,27,17,30,28
705002,78,99,23,21,19,18,18
