ID,agestrat,TOTALscore
101001,108,184
101002,78,173
101003,32,103
101004,204,188
101005,180,190
101006,156,189
101007,36,132
101008,48,118
101009,84,180
101010,120,187
101011,156,190
101012,180,190
101013,36,105
101014,84,156
101015,60,145
101017,32,97
101018,78,169
101019,48,156
101020,120,188
101021,96,180
101022,156,190
101023,72,169
101024,72,137
101025,54,133
101026,156,188
101027,48,144
101028,12,52
101029,60,155
101030,96,180
101031,60,132
101032,96,183
101033,32,91
101034,60,127
101035,120,188
101036,48,104
101037,60,176
101038,84,186
101039,42,127
101040,24,79
101041,14,65
101042,28,99
101043,60,167
101044,2,12
101045,78,177
101046,24,93
101047,72,157
101048,28,130
101049,32,89
101050,60,140
101051,28,100
102001,72,163
102002,24,69
102003,22,71
102004,0,7
102005,16,63
102006,32,61
102007,14,42
102008,0,9
102009,72,122
102010,96,145
102011,96,176
102012,228,190
102013,228,190
102014,228,190
102015,156,189
102016,204,190
102017,156,190
102018,144,190
102019,228,190
102020,156,190
102021,156,190
102022,180,190
102023,16,50
102024,156,190
102025,204,190
102026,156,190
102027,180,190
102028,204,190
102029,28,73
102030,204,190
102031,204,190
102032,180,190
102033,0,4
102034,156,190
102035,156,190
102036,12,44
102037,24,66
102038,204,190
102039,204,190
102040,180,190
104001,156,186
104002,132,188
104003,54,137
104004,72,167
104005,60,128
104006,66,155
104007,36,117
104011,4,21
104012,2,20
104014,78,172
104015,36,122
104016,28,89
104017,84,167
104018,36,117
104019,6,26
104020,120,188
104021,14,70
104022,16,64
104023,96,180
104024,60,146
104025,60,149
104026,156,173
104027,228,190
104028,48,122
104029,16,47
104030,66,124
104031,6,24
104040,54,144
104041,204,189
104043,180,188
104052,24,72
104053,24,69
105001,36,63
105002,48,84
105006,54,91
105008,36,99
105010,54,49
105012,48,85
105013,42,72
105014,42,67
105020,48,90
105022,180,161
105027,228,145
105030,228,155
105033,66,150
105034,72,150
105035,72,97
105042,42,49
105043,66,117
107001,228,182
107002,204,190
107003,156,184
107004,144,187
107005,156,176
107006,132,190
107007,180,189
107008,78,140
107009,228,190
107010,156,177
107011,204,190
107012,204,190
107013,204,190
107014,156,190
107015,228,189
107016,144,189
107017,180,188
107018,156,190
107019,120,190
107020,108,190
107021,72,158
107022,156,184
107023,156,180
107024,156,183
107025,156,176
107026,144,189
107027,144,175
107028,180,184
107029,156,181
107030,144,185
107031,156,179
107032,144,172
107033,156,186
107034,24,119
107035,32,76
107036,72,188
107037,60,144
107038,132,183
107039,84,165
107040,144,188
107041,144,183
107042,144,183
107044,156,186
107045,156,188
107046,54,118
107047,156,188
107048,60,152
107049,42,143
107050,20,88
107051,24,98
107052,78,167
107053,204,190
107054,84,182
107055,108,179
107056,180,180
107057,180,181
107058,180,184
107059,204,186
107060,228,189
108001,144,188
108002,180,190
108003,84,174
108004,32,91
108005,16,58
108006,16,46
108007,78,183
108008,120,190
108009,60,169
108010,60,176
108012,156,187
108013,96,165
108014,108,186
108015,54,144
108016,72,151
108017,28,69
108018,14,41
108019,204,188
108020,96,163
108021,16,50
108022,24,74
108023,156,186
108024,24,67
108025,60,141
108026,28,87
108027,144,174
108028,120,183
108029,28,90
108031,60,101
108033,48,134
108034,20,62
108037,78,144
108038,48,121
108039,96,184
108041,108,184
108042,156,186
108043,96,176
108044,180,189
108045,144,189
109001,228,181
109002,96,176
109003,78,153
109004,108,179
109005,60,131
109006,28,86
109007,72,138
109008,42,93
109009,36,124
109011,156,183
109012,120,188
109013,16,61
109014,48,114
109015,120,181
109016,108,180
109017,156,184
109018,42,125
109019,78,164
109020,78,160
109021,96,185
109022,32,125
109023,120,189
109024,204,189
109026,66,148
109027,144,188
109028,4,31
109029,144,182
109031,180,170
109032,14,51
109033,72,174
109034,132,190
109035,42,138
109036,204,190
109037,120,175
109038,48,101
109039,228,190
109040,204,190
109041,156,190
109042,120,189
109043,84,189
109044,180,187
109045,156,169
109046,84,156
109047,2,11
109048,132,179
109049,120,169
109050,108,182
109051,84,176
109052,108,169
109053,18,53
109054,42,124
109055,66,178
109056,180,182
109057,180,182
109058,228,188
109059,14,49
109060,48,143
109061,96,189
109062,156,190
109063,36,105
109064,72,148
109065,96,178
109066,48,118
109067,10,46
109068,108,183
109069,78,174
109070,156,185
109071,228,190
109072,204,177
109073,144,181
109075,180,189
109076,204,188
109077,156,190
109078,32,122
109079,108,176
109080,54,130
109081,36,120
109082,4,15
109083,156,190
109084,108,172
109085,84,172
109086,78,157
109087,32,83
109088,96,169
109089,84,175
109090,48,152
109091,66,158
109094,120,189
109095,108,180
109096,48,143
109097,72,170
109098,6,24
109102,156,184
110001,16,65
110002,12,46
110003,6,30
110004,96,179
110005,132,188
110006,84,170
110007,72,178
110008,78,163
110009,14,62
110010,12,42
111001,84,182
111002,42,117
111003,120,180
111004,36,113
111005,2,15
111006,78,161
111007,144,186
111008,14,63
111009,60,152
111010,42,127
111011,108,189
111012,36,124
111013,10,31
111014,120,189
111015,156,190
111016,204,189
111017,14,59
111018,156,186
111019,42,118
111020,42,94
111021,108,179
111022,36,106
111023,24,83
111024,42,125
111025,144,190
111026,180,190
111027,16,67
111028,48,147
111029,60,132
111030,48,130
111031,18,76
111032,60,150
111033,156,182
111034,144,188
111035,120,183
111036,132,187
111037,20,71
111038,54,161
111039,4,24
111040,204,190
111041,156,190
111042,144,186
111043,120,180
111044,72,155
111045,20,83
111046,4,14
111047,28,81
111048,10,32
111049,48,138
111050,16,61
111051,22,66
111052,60,146
111053,8,38
111054,32,88
111055,32,118
112001,32,122
112002,72,135
112003,84,137
112004,36,106
112005,204,188
112006,78,166
112007,66,150
112008,28,118
112009,36,108
112010,24,76
112011,24,120
112012,48,142
112013,132,181
112014,204,184
112015,204,180
112016,204,190
112017,96,144
112018,84,147
112019,204,188
112020,84,125
112021,36,123
112022,48,147
112023,54,140
112024,36,142
112025,32,100
112026,32,72
112027,156,190
112028,204,187
112029,180,190
112030,144,162
112031,66,123
112032,72,154
112033,84,144
112034,78,120
112035,120,161
112036,96,160
112037,228,190
112038,78,129
112039,180,185
112040,96,140
112041,120,157
112042,84,141
112043,180,189
112044,108,158
112045,108,149
112046,108,174
112047,96,164
112048,204,190
112049,204,190
112050,84,136
112051,84,133
112052,84,140
112053,132,179
112054,204,190
112055,180,190
112056,120,179
112057,204,190
112058,204,190
112059,204,190
112060,204,190
112061,204,189
112062,156,190
112063,204,190
112064,204,190
112065,204,190
112066,204,190
112067,144,190
112068,96,150
112069,132,176
112070,84,132
112071,120,165
112072,180,190
112073,204,190
112074,204,190
112075,180,190
113001,204,160
113002,180,186
113003,228,186
113004,108,190
113005,84,182
113006,60,119
113007,66,169
113008,96,183
113009,78,163
113010,48,134
113012,22,77
113013,108,151
113014,72,157
114001,54,126
114002,72,156
114003,132,179
114004,54,143
114005,4,17
114006,60,165
114007,54,144
114008,54,129
114009,54,139
114010,54,143
114011,2,9
114012,54,142
114013,28,115
114014,54,161
114015,54,134
114016,78,156
114017,78,171
114018,54,144
114020,24,88
114022,60,142
114023,84,169
115001,48,106
115002,84,169
115003,132,174
115004,156,187
115005,180,182
115006,32,95
115007,60,139
115008,132,179
115009,84,162
115010,4,20
115011,24,99
115012,156,184
115013,180,187
115014,228,187
115015,48,97
115029,60,152
115030,108,173
115031,36,115
115032,120,186
115033,60,173
115034,84,174
115035,108,162
115036,120,184
115037,42,91
115038,156,182
115039,180,186
115040,12,39
115041,180,190
115042,180,190
115043,78,166
115044,120,182
115045,156,187
115046,24,80
115047,42,125
115048,84,183
115049,108,184
115050,120,156
115116,14,48
115117,32,81
115118,42,125
115119,28,80
115120,54,138
115121,72,139
115122,108,181
115123,144,184
115124,156,187
115125,204,188
115126,60,159
115127,96,190
115128,120,190
116001,24,96
116002,36,102
116003,36,103
116004,36,107
116005,22,59
116006,32,104
116007,14,72
116008,42,115
116009,14,46
116010,28,84
116011,144,183
116012,12,49
116013,10,45
116014,28,91
116015,132,185
116016,144,190
116017,42,105
116018,12,47
116019,20,65
116020,32,122
116021,132,190
116022,144,190
116023,180,190
116024,108,171
116025,66,159
116026,32,67
116027,28,80
116028,6,13
116029,180,190
116030,204,190
116031,12,45
116032,180,190
116033,12,42
116034,180,190
116035,180,189
116036,66,147
116037,132,188
116038,8,26
116040,132,189
116041,108,171
116042,132,188
116043,72,126
116044,132,189
116045,132,190
116046,120,173
116047,228,190
116048,132,187
116049,28,95
116050,32,97
116051,132,184
116052,228,190
116053,228,190
116054,132,187
116055,28,92
116056,32,92
116057,144,187
116058,120,185
116059,132,186
116060,132,188
116061,120,179
116062,24,88
116063,24,75
116064,228,190
116065,228,190
116069,132,186
116071,132,188
116072,132,186
116073,32,89
116074,228,190
116075,228,190
116076,228,190
116077,132,189
116078,132,189
116079,28,90
116080,32,93
117001,32,83
117002,66,159
117003,120,183
117004,24,95
117005,120,188
117006,66,155
117007,132,181
117008,10,38
117009,42,154
117010,10,38
117011,6,29
117012,36,93
117013,24,74
117014,54,142
117015,28,85
117016,24,88
117017,4,16
117018,4,26
117019,4,19
117020,6,37
117021,10,44
117022,54,144
117023,54,143
117024,48,118
117025,4,18
117026,22,67
117027,4,19
117028,28,89
117029,48,114
117030,36,117
117031,14,55
117032,144,183
117033,4,16
117034,132,175
117035,108,176
117036,78,170
117037,66,129
117038,108,186
117040,8,41
117041,84,172
117042,36,100
117043,66,143
117044,8,37
117045,32,126
117046,0,0
117047,0,0
117048,96,172
117049,78,165
117050,132,166
117053,8,41
117054,84,165
117055,36,108
117056,18,65
117059,22,75
117060,8,33
117061,72,150
117062,42,125
117063,10,38
117064,60,152
117065,36,113
118001,66,149
118002,32,98
118003,180,189
118004,132,187
118005,2,16
118006,48,133
118007,156,189
118008,132,189
118009,42,110
118010,120,186
118011,78,168
118012,66,165
118015,2,11
118016,96,173
118017,66,154
118018,36,90
118019,2,11
119001,36,124
119002,132,188
119003,132,187
119004,108,184
119005,18,76
119006,12,45
119007,96,188
119008,36,123
119009,78,170
119010,10,45
119011,84,177
119012,108,184
119013,132,186
119014,96,187
119015,78,179
119016,84,169
119017,132,187
119018,96,176
119019,84,156
119020,60,133
119021,96,186
119022,2,13
119023,2,21
120009,180,189
120010,204,190
120011,36,108
120012,54,133
120013,12,46
120014,16,63
120015,42,120
120016,28,100
120017,48,136
120018,60,148
120020,84,181
120021,132,189
120022,20,47
120023,78,160
120024,108,172
120025,132,175
120026,18,74
120027,72,160
120028,108,183
120029,42,120
120030,72,156
120031,60,108
120032,66,151
120037,10,42
120038,72,161
120041,0,15
120042,48,128
120043,108,185
120044,96,169
120045,144,183
120046,96,186
120047,132,190
120048,28,130
120049,54,121
120050,72,170
120051,108,180
120052,32,114
120053,60,139
120056,78,137
120057,78,150
120058,108,164
120059,66,152
120061,8,37
120062,42,139
120063,6,26
120064,48,131
120065,72,155
120066,144,188
120067,66,159
120069,8,26
120070,78,142
120071,120,184
120072,132,181
120073,108,184
121001,10,51
121002,180,189
121003,180,190
121005,18,82
121006,6,27
121007,36,123
121009,20,76
121010,24,78
121011,10,41
121012,22,71
121013,2,14
121014,20,59
121015,20,64
121016,42,134
121017,12,50
121018,78,186
121019,144,190
121020,36,105
121022,14,49
121023,54,124
122001,36,123
122002,60,155
122003,20,76
122004,0,5
122005,60,152
122006,84,174
122007,120,176
122008,20,71
122010,96,164
122011,20,79
122012,48,111
122013,2,15
122015,78,150
122016,60,149
122017,24,72
123001,204,190
123002,84,173
123003,156,189
123004,204,190
123005,180,189
123006,54,159
123007,54,147
123008,144,183
123009,84,172
123010,96,184
123011,204,185
123012,156,188
123013,156,189
123014,120,186
123015,78,143
123016,204,190
123017,180,185
123018,156,190
123019,144,176
123020,180,190
123021,36,109
123022,180,190
123023,120,186
123024,180,190
123025,180,188
123026,144,190
123027,66,152
123028,180,190
123029,144,186
123030,204,190
123031,180,189
123032,120,184
123033,42,109
123034,42,107
123035,144,188
123036,156,189
123037,132,187
123038,132,184
123039,96,177
123040,36,120
123041,144,187
123042,72,151
123043,144,186
123044,204,190
123045,204,190
123046,66,151
123047,132,188
123048,72,154
123049,120,180
123050,132,186
123051,132,189
123052,66,150
123053,78,151
123054,144,187
123055,144,187
123056,120,186
123057,72,156
123058,132,189
123059,132,187
123060,144,189
123061,120,185
123062,144,187
123063,42,106
123064,144,189
123065,108,178
123066,228,190
123067,144,189
123068,108,183
123069,120,186
123070,144,190
123071,36,97
123072,36,117
123073,42,140
123074,144,185
123075,132,187
123076,108,183
123077,144,189
123078,120,186
123079,54,143
123080,96,172
125001,108,181
125002,48,120
125003,48,117
125004,54,131
125005,60,157
125006,54,136
125007,60,152
125008,60,142
125009,54,154
125010,60,148
125011,66,158
125012,60,123
125013,60,141
125014,60,135
125015,54,142
125016,66,162
125017,72,165
125018,54,142
125019,60,138
125020,84,165
125021,60,146
125022,60,124
125023,60,127
125024,60,162
125025,0,5
125026,28,89
125027,14,52
125028,72,168
125029,10,38
125030,18,56
125031,60,154
125032,78,172
125033,60,141
125034,72,161
125035,20,78
125036,14,49
125037,72,182
125038,22,76
125039,2,16
125040,32,104
125041,14,54
125043,10,32
125044,10,33
125045,28,74
125046,60,127
125047,60,158
125048,60,145
125049,14,65
125053,8,28
125055,24,78
125057,14,48
125058,4,15
125059,28,99
125060,28,103
125061,4,27
125062,2,12
126001,66,162
126002,132,188
126003,108,179
126004,84,177
126005,60,139
126006,108,184
126007,96,144
126008,54,128
126009,54,133
126010,72,164
126011,66,146
126012,72,170
126013,60,152
126014,66,153
126015,132,187
126016,54,146
126017,132,187
126018,72,163
126019,108,186
126020,24,73
127001,18,63
127002,132,187
127003,2,20
127004,78,175
127005,6,29
127006,36,132
127007,54,157
127008,14,75
127009,16,56
127010,12,37
127011,66,140
127012,20,70
127013,12,57
127014,42,131
127015,48,126
127016,66,160
127017,42,117
127018,4,18
127019,24,75
127020,32,109
127021,22,73
127022,84,177
127023,120,185
127024,54,139
127025,20,67
127026,6,19
127027,24,60
127028,42,134
127029,66,151
127030,10,38
127031,48,134
127032,42,133
127033,78,181
127034,132,190
127035,84,167
127036,10,41
127037,10,52
127038,24,85
127039,2,19
127040,14,67
127042,0,7
127141,6,24
128001,96,181
128002,132,186
128003,132,182
128004,96,184
128005,120,180
128006,132,190
128007,108,189
128008,72,178
128009,132,188
128010,108,176
128011,120,184
128013,54,169
128014,120,186
128019,84,183
128020,72,170
128021,78,171
128022,108,187
128023,132,188
128024,96,186
128025,120,185
129001,120,178
129002,84,170
129003,8,31
129004,36,95
129005,36,113
129006,84,171
129007,42,115
129008,36,113
129009,28,106
129010,54,126
129011,108,188
129012,84,171
129013,120,188
129014,36,112
129015,48,118
129016,78,157
129017,66,149
129018,24,75
129019,48,145
129020,16,47
129021,48,119
129022,78,173
129023,36,130
129024,36,117
129025,48,129
129026,22,93
129027,108,185
129028,36,94
129029,78,132
129030,132,190
130001,60,155
130002,96,183
130003,60,160
130004,60,141
130005,72,171
130006,72,162
130007,84,173
130008,72,173
130009,72,165
130010,72,157
130011,84,172
130012,84,177
130013,84,177
130014,84,169
130015,54,156
130016,84,178
130017,84,165
130018,96,186
130019,96,184
130020,96,182
130021,96,187
130022,108,165
130023,108,188
130024,108,186
130025,108,187
130026,120,189
130027,120,190
130028,144,188
130029,132,189
131001,2,6
131002,10,38
131003,0,11
131004,66,151
131005,54,114
131006,36,92
131007,10,36
131008,42,105
131009,36,119
131010,28,98
131011,4,28
131012,84,183
131013,12,56
131014,42,116
131015,84,169
131016,96,177
131017,78,165
131018,144,185
131019,108,176
131020,20,56
131021,20,63
131022,36,105
131023,14,58
131024,48,140
131025,16,60
131026,0,0
131027,10,44
131028,96,180
131029,66,166
131030,12,46
131031,10,45
131032,10,44
131033,204,190
131034,36,123
131035,2,14
131036,22,83
131037,0,7
131038,4,18
131040,96,177
131041,42,126
131042,48,133
131043,42,121
131044,10,42
131045,2,16
131046,108,183
131047,84,173
131048,14,60
131049,0,1
131050,4,15
131051,14,47
131052,14,51
131053,6,29
131054,4,15
131055,42,115
131056,96,180
131057,72,161
131058,42,126
131059,84,180
131060,12,42
132002,6,24
132003,120,173
132006,78,182
132007,48,160
132008,22,87
132010,108,189
132011,32,99
132012,10,43
132015,72,169
132016,144,189
132017,132,186
132018,96,185
132019,54,141
132021,84,174
132022,96,188
132023,54,127
132024,132,183
132025,108,184
132026,108,185
132027,48,127
132028,16,47
132029,108,186
132030,42,143
133001,78,155
133002,120,179
133003,84,175
133004,42,124
133005,66,158
133006,96,190
133007,132,190
133010,24,89
133011,120,177
133012,84,169
133013,54,126
133015,78,179
133016,48,143
133019,96,185
133020,96,186
133022,32,96
133023,8,29
133025,96,178
133026,72,155
133028,108,180
133029,96,182
133030,78,158
134001,144,185
134002,144,187
134003,96,180
134004,96,180
134005,96,167
134006,84,182
134007,72,156
134008,144,188
134009,132,186
134010,96,164
134011,96,175
134012,96,161
134013,96,175
134014,96,179
134016,72,160
134017,72,138
134018,72,158
134019,78,170
134020,144,188
134021,144,186
134022,66,158
134023,96,185
134024,96,169
134025,96,165
134026,84,172
134027,22,91
134028,22,58
134029,22,60
134030,20,82
134031,24,81
134032,12,61
134033,28,87
134034,96,175
134035,72,172
134036,24,94
134037,24,79
134039,108,179
134040,22,70
134041,32,92
134042,24,85
134043,14,65
134044,108,188
134046,32,77
134047,10,51
135001,96,185
135002,36,121
135003,120,177
135004,66,153
135005,14,57
135006,54,157
135007,54,156
135008,78,169
135009,66,142
135010,96,181
135012,72,144
135013,42,98
135014,6,26
135015,96,178
135016,228,190
135017,132,189
135018,228,190
135019,66,145
135020,144,186
135021,120,183
135022,10,26
135023,132,186
135024,120,185
135025,228,184
135026,84,167
135027,60,153
135028,32,106
135029,24,91
135030,4,22
136001,132,185
136002,6,24
136003,14,54
136004,132,188
136005,120,183
136006,60,157
136007,96,184
136008,8,30
136011,60,152
136012,2,7
136013,4,17
136014,12,54
136015,28,81
136016,28,82
136017,28,82
136019,24,64
136020,8,22
136021,6,22
136023,24,92
136024,6,27
136025,8,30
136030,16,64
137001,132,189
137002,108,190
137003,66,117
137004,36,90
137005,120,187
137006,84,187
137007,28,73
137008,48,131
137009,66,146
137010,36,103
137011,28,88
137012,54,132
137013,4,27
137014,12,61
137015,60,150
137016,0,11
137017,72,154
137018,48,119
137019,28,79
137020,96,166
137021,54,118
137022,16,52
137023,32,65
137024,4,23
137025,14,65
137026,66,165
137027,96,183
137028,72,160
137029,108,185
137030,78,181
137031,32,116
137032,84,173
137033,108,187
137034,48,147
137035,108,190
137036,66,168
137037,96,190
137038,72,185
137039,54,161
137040,72,147
137041,36,102
137042,10,51
137043,84,169
137044,18,77
137045,36,110
137046,18,73
137047,0,7
137051,66,144
137052,0,8
138001,144,189
138003,108,178
138004,84,170
138005,96,174
138006,228,189
138007,120,190
138008,78,154
138009,54,121
138010,144,190
138011,28,104
138012,144,174
138013,108,177
138014,2,18
138015,4,23
138016,120,178
138017,96,176
138018,12,45
138019,6,30
138020,12,42
138021,24,95
139001,8,39
139002,22,82
139003,48,151
139004,42,125
139005,18,64
139006,22,80
139007,16,64
139008,18,61
139009,48,125
139010,24,86
139011,6,20
139012,24,77
139013,42,117
139014,10,39
139015,42,120
139016,14,48
139017,10,40
139018,48,145
139019,32,124
139020,60,162
139021,48,131
139022,28,103
141001,14,67
141002,20,91
141003,16,83
141004,18,63
141005,14,74
141006,18,71
141007,22,93
141008,24,95
141009,20,91
141010,20,83
141011,22,97
141012,20,68
141013,24,103
141014,14,67
141015,18,99
141016,16,75
141017,16,96
141018,16,80
141019,14,82
141021,18,92
141022,22,104
141023,20,83
141024,22,104
141025,20,103
141026,28,110
141027,24,110
141028,32,109
141029,32,108
141030,28,90
141031,36,105
141032,36,113
141033,36,113
141034,42,111
141035,32,118
141036,42,115
141037,36,111
141038,42,101
141039,36,93
141040,42,104
141041,42,118
141042,42,118
141043,42,102
141044,54,120
141045,48,128
141046,54,115
141047,54,121
141048,48,127
141049,54,132
142001,22,84
142002,14,58
142003,22,103
142004,24,81
142005,24,87
142006,20,76
142007,10,42
142008,32,123
142009,0,5
142010,2,20
142011,8,28
142012,6,30
142013,32,89
142014,16,68
142015,16,66
142016,6,24
142017,32,109
142018,42,128
142019,6,31
142020,14,44
142021,16,75
142022,36,131
142023,60,159
142024,8,36
142025,20,81
142026,24,81
142027,4,9
142028,54,131
142029,36,82
142030,8,30
143001,132,190
143002,108,189
143003,48,140
143004,84,182
143005,84,178
143006,96,181
143007,72,160
143008,78,155
143009,60,140
143010,54,155
143011,32,110
143013,72,146
143017,60,159
143018,96,182
143019,144,188
143021,144,183
143022,132,187
143023,96,178
143024,32,88
143025,120,186
146001,0,11
146002,10,51
148001,84,144
148002,132,174
148003,66,126
148004,20,67
148005,54,144
148006,132,189
148007,108,182
148008,96,148
148009,144,180
148012,84,169
148013,84,166
148015,144,186
148016,48,116
148017,60,149
148018,28,91
148019,72,149
148020,14,56
148021,48,129
148022,108,155
148023,84,172
148024,42,117
148025,96,176
148026,78,159
148027,132,187
148028,60,141
148029,72,142
148030,84,161
148031,108,174
148032,20,73
151001,180,190
151002,120,188
151003,108,187
151004,156,189
151005,48,126
151006,36,92
151007,48,122
151008,78,147
151009,108,187
151010,42,83
151011,42,110
151012,84,148
151013,132,186
151014,36,93
151015,108,190
151016,78,126
151017,36,120
151018,144,190
151019,120,188
151020,132,190
151021,108,187
151022,132,184
151023,120,189
151024,132,189
151025,120,190
151026,120,189
151027,60,140
151028,66,141
151029,48,133
151030,66,134
151031,96,189
151032,96,170
151033,120,188
151034,120,188
151035,54,125
151036,96,185
151037,96,186
151038,108,185
151039,120,189
151040,132,190
151041,36,137
151042,84,153
151043,84,162
151044,84,161
151045,36,83
151046,96,180
151047,96,167
151048,120,188
151049,96,177
151050,24,57
151051,108,168
151052,84,163
151053,84,167
151054,108,170
151055,120,182
151056,96,126
151057,84,161
151058,84,166
151059,84,164
151060,96,179
154001,228,187
154002,32,107
154003,10,37
154004,228,188
154005,84,170
154006,10,49
154007,228,190
154008,228,188
154009,42,120
154010,120,186
154011,228,189
154012,228,190
154013,228,189
154014,228,190
154015,228,190
154016,228,189
154017,144,179
154018,120,181
154019,228,190
154020,228,184
154021,132,188
154022,132,166
154023,228,189
154024,84,184
154025,144,181
154026,228,190
154027,228,190
154028,108,180
154029,108,182
154030,132,175
154031,36,107
154032,12,47
154033,8,25
154035,20,54
154036,60,109
154037,72,131
154038,84,139
154039,144,179
154040,84,176
154041,66,151
154042,42,107
154043,28,75
154044,144,179
154045,132,186
154046,108,172
154047,120,185
154048,144,182
154049,78,160
154050,60,150
154051,6,22
154052,54,163
154054,8,21
154055,66,121
154056,108,187
154057,132,185
154058,120,182
154059,78,150
154060,120,175
154061,72,157
154062,14,49
154063,84,167
154064,48,134
154065,0,4
154066,0,5
154067,84,162
154068,144,181
154069,132,169
154070,132,167
154071,144,184
154072,78,157
154073,48,130
154074,28,109
154075,18,50
154076,132,185
154077,108,165
154078,84,158
154079,132,180
154080,120,175
154081,108,169
201003,66,157
201004,66,151
201005,60,134
201006,60,146
201007,72,148
201008,72,163
201009,72,172
201010,72,171
201011,66,148
201012,72,159
201013,66,154
201014,72,168
201015,66,162
201016,78,158
201020,54,136
201022,66,143
201030,72,185
201031,72,154
201033,66,144
201034,60,153
201040,66,163
201041,60,155
201043,54,143
201047,66,155
201050,72,173
201052,42,116
201053,66,147
201054,66,156
201056,54,163
202001,132,185
202002,108,181
202003,48,102
202004,108,171
202005,66,163
202006,54,142
202007,4,26
202008,96,181
202009,42,124
202010,4,22
202011,8,32
202012,144,178
202013,22,79
202014,42,75
202015,78,149
202016,10,41
202017,120,175
202018,48,100
202019,8,27
202020,6,28
202021,54,137
202022,28,73
202023,8,26
202024,24,108
202025,4,30
202026,42,135
202027,78,165
202028,42,124
202029,60,150
202030,2,12
202031,60,164
202032,42,129
202033,4,23
202034,6,23
202035,28,86
202036,20,74
202037,42,153
202038,42,154
202039,78,182
202040,6,25
202041,18,74
202042,42,140
202043,32,119
202044,36,126
202045,20,79
202046,16,63
202047,48,133
202048,96,179
202049,42,131
202050,96,178
202051,96,180
202052,78,175
202053,2,13
202054,6,29
202055,32,126
202056,54,147
202057,18,78
202058,48,125
202059,18,49
202060,48,110
202061,48,123
202062,42,134
202063,20,65
202064,0,4
202065,14,46
202066,42,111
202067,54,148
202068,28,63
202069,24,81
202070,6,35
202071,54,152
202072,8,41
202073,72,165
202074,18,68
202075,8,37
202076,120,186
202077,96,133
202078,12,36
202079,24,45
202080,36,73
202081,24,37
202082,108,165
202083,132,175
202085,132,168
202086,12,34
202087,42,80
202088,48,107
202089,78,142
202090,72,149
202091,96,180
202092,42,116
202093,60,126
202094,120,183
202095,28,59
202096,96,177
202097,84,168
202098,108,186
202099,144,188
202100,0,4
202101,48,141
202102,0,6
202103,66,180
202104,16,48
202105,24,79
202106,60,151
202107,144,189
202108,8,29
202109,132,188
202110,132,189
206001,42,85
206002,66,130
206003,78,145
206004,22,56
206005,84,167
206006,84,117
206008,84,156
206010,84,172
206015,72,162
206017,84,184
206019,78,172
206020,78,169
206024,84,159
207001,72,150
207002,60,137
207003,10,45
207004,96,179
207005,8,24
207006,20,67
207007,84,141
207008,10,41
207009,120,180
207010,48,123
207011,20,72
207012,48,104
207013,24,95
207014,8,25
207015,24,105
207016,12,53
207017,120,170
207018,96,179
207019,6,25
207020,32,99
207021,60,143
207022,8,37
207023,36,99
207024,84,154
207025,18,56
208001,54,112
208002,48,133
208003,54,180
208004,48,115
208005,48,144
208006,66,180
208007,60,135
208008,54,143
208009,54,151
208117,66,180
208118,66,139
211002,60,149
211003,120,185
211004,144,188
211005,108,188
211006,54,122
211007,42,103
211008,144,185
211009,84,158
211012,24,76
211014,28,117
211015,16,67
211016,78,180
211017,60,157
211018,28,111
211020,108,184
211021,72,166
211022,156,180
211023,108,180
211024,66,173
213001,32,113
213002,54,113
213003,72,96
215001,84,176
215002,48,147
215003,18,61
215004,84,171
215005,120,183
215006,2,20
215007,24,74
215008,4,8
215009,18,71
215010,24,93
216001,84,185
216002,132,186
216003,144,187
216004,48,140
216005,96,179
216006,66,148
216007,36,109
216008,108,183
216009,84,180
216011,132,189
216012,120,177
216013,132,180
216014,8,33
216015,42,107
216016,96,183
216017,84,172
216018,48,141
216019,18,87
218001,16,65
218003,60,157
218004,48,124
218005,84,169
218006,4,25
218007,24,103
218008,6,18
218009,72,154
218010,20,73
218011,10,36
218012,24,97
218013,8,42
218014,8,34
218015,18,92
218016,6,32
218017,12,54
218018,14,65
218019,20,69
218020,4,17
218021,12,51
218022,4,21
218023,6,21
218024,6,22
218025,4,19
218026,18,77
218027,4,17
218028,18,73
218030,10,35
218031,10,42
218032,18,79
218033,4,17
218034,16,56
218035,16,55
218036,12,60
218037,12,56
219001,78,152
219002,108,180
219003,60,154
219004,84,170
219005,84,175
219006,96,180
219007,72,190
219008,120,187
219009,96,174
219010,66,161
220001,108,182
220002,78,170
220003,42,124
220004,24,75
220005,132,182
220006,22,66
220007,54,124
220008,108,188
220009,84,114
220010,66,141
220011,66,153
220012,60,131
220013,66,153
220015,60,146
220016,48,129
220017,66,157
220018,78,174
220019,96,178
220020,78,162
220021,24,100
220022,24,89
220023,54,149
220024,78,180
220025,108,188
220026,4,14
220027,6,30
220028,96,174
220029,14,47
220030,132,179
220031,144,179
220032,120,179
220033,48,151
220034,132,173
220035,144,189
220036,120,188
220037,72,171
220038,20,89
220039,12,74
220040,28,128
220041,32,87
220042,8,26
220043,28,88
220044,72,158
221001,36,96
221002,18,44
221003,18,55
221004,28,91
221005,72,172
221006,72,149
221007,32,102
221008,72,170
221009,72,157
221010,12,58
221011,22,79
221012,66,144
221013,12,53
221014,4,22
221015,2,16
223001,42,106
223002,24,85
223003,6,17
223004,72,167
223005,96,182
223006,36,133
223007,24,80
223008,96,159
223009,108,179
223010,28,65
224001,96,178
224002,78,167
224003,66,147
224004,32,97
224005,96,184
224006,72,168
224007,48,140
224008,28,107
224009,72,162
224010,96,180
224011,36,122
224012,36,109
224013,60,149
224014,60,129
224015,48,118
224016,42,114
224017,60,125
224018,48,93
224019,72,154
224020,66,160
224021,14,44
227001,4,16
227002,32,80
227003,66,144
227004,4,14
227005,6,32
227006,18,73
227007,28,84
227008,0,5
227009,20,73
227010,28,83
227011,6,23
227012,28,83
227013,16,71
227014,24,82
227015,4,15
227016,6,36
227017,22,90
227018,32,78
227019,0,2
227020,18,79
227021,10,49
227022,12,57
228001,8,28
228003,28,114
228004,24,90
228005,12,56
229001,10,37
229002,12,45
229003,14,44
229004,6,21
229005,12,48
229006,18,65
229007,0,3
229008,8,32
302001,96,190
302002,108,190
302004,22,69
302005,78,184
302006,84,189
302007,120,185
302008,96,169
302009,78,166
302010,204,190
302011,144,187
501001,60,110
501002,48,91
501003,84,157
501005,60,93
501006,48,86
501008,48,82
501009,144,185
501010,48,102
501011,72,87
501013,72,140
501014,72,140
501018,108,181
501019,72,133
501020,60,134
501021,72,149
501022,32,57
501023,60,134
501025,78,150
501026,120,173
501027,108,169
501029,60,103
501031,108,130
501032,48,123
503001,66,127
503007,66,81
505001,28,47
505002,28,50
505003,36,50
505004,24,66
505005,60,89
505008,42,93
505013,48,111
505015,180,159
505016,66,116
505021,144,158
505023,36,37
505024,42,96
505025,36,36
505030,32,63
505032,144,155
505033,144,120
505035,48,110
505036,54,93
505037,54,79
505038,42,81
505039,42,64
505040,60,111
506001,54,35
506003,78,124
506004,96,167
506005,72,134
506008,120,179
506009,84,132
506011,36,82
506014,54,93
506015,72,79
506016,42,90
506022,78,91
507002,66,122
507005,54,131
507006,66,108
508001,60,103
508002,60,110
508005,180,181
508007,204,171
508008,42,116
508009,72,95
508010,72,79
508011,66,92
508013,54,71
508014,120,118
508015,42,53
508016,108,144
508017,156,175
508019,36,50
508021,36,53
508022,42,50
508023,84,107
508024,84,116
508025,84,113
508026,120,180
508027,54,72
508028,84,131
508029,156,178
508030,132,113
508031,60,72
508032,54,64
508033,42,55
508034,84,128
510001,96,128
510004,72,108
510005,108,148
510007,132,167
510008,120,168
510009,156,177
510010,132,126
510014,132,153
510016,180,180
517001,78,128
517003,54,35
517004,108,184
517005,132,165
517007,156,180
517009,120,165
517010,180,181
517011,84,151
517012,96,158
517013,60,126
517017,84,142
517018,42,93
517020,78,161
517021,120,181
517022,156,187
517023,66,156
517024,156,175
517026,84,166
517028,66,125
526003,48,79
526005,60,85
527001,36,46
527002,120,110
527004,108,113
527005,24,50
529001,72,130
529008,96,176
529015,96,167
529018,204,190
529020,204,190
529021,204,190
529022,144,186
529023,144,182
529024,204,190
529025,72,148
529026,66,145
529029,66,81
600001,144,152
600003,156,164
600006,96,135
600007,120,146
600008,120,147
600009,108,139
600010,108,132
601002,180,151
601007,180,131
601011,204,182
602001,120,157
602002,60,108
602003,66,108
602004,66,121
602005,84,117
602006,78,117
602007,72,118
602008,78,92
605002,96,94
605003,96,131
607004,78,144
607005,60,117
607006,180,137
608001,42,126
608002,48,109
608003,54,139
608004,78,150
608005,36,132
608006,28,52
608007,60,147
608008,144,157
608009,42,126
608010,42,122
608011,66,145
608012,78,145
608013,32,87
608014,66,149
609003,54,108
611007,78,152
612001,60,164
612002,54,143
612003,36,92
612004,24,84
612005,28,82
612006,28,97
612007,120,133
612008,108,166
612009,24,40
612010,28,63
612012,96,166
612013,108,162
612014,120,171
612017,78,140
701001,84,163
701004,144,125
705002,78,99